match_id,player
1001349,DAS Gunaratne
1001351,DAS Gunaratne
1001353,A Zampa
1007655,E Chigumbura
1007657,BB Sran
1007659,KM Jadhav
1019979,KS Williamson
1019981,C Munro
1019983,CJ Anderson
1020029,Imran Tahir
1031431,JM Bairstow
1031433,CH Morris
1031435,DJ Malan
1031665,SP Narine
1034825,MM Ali
1034827,JJ Bumrah
1034829,YS Chahal
1041615,E Lewis
1043989,EJ Villani
1043991,AM Peterson
1043993,SW Bates
1044211,KM Beams
1050217,Imad Wasim
1050219,Sarfraz Ahmed
1050221,Imad Wasim
1065348,M Raj
1072316,B Stanlake
1072317,GJ Maxwell
1072318,KW Richardson
1072319,KS Williamson
1072320,DJM Short
1072321,EJG Morgan
1072322,AC Agar
1074957,CS MacLeod
1074959,MJG Rippon
1074961,Bilal Khan
1074964,JH Davey
1074965,WB Rankin
1074966,Anshuman Rath
1074968,MH Cross
1074970,GC Wilson
1075507,AB de Villiers
1075508,DA Miller
1077947,Shadab Khan
1077948,Shadab Khan
1083449,MDKJ Perera
1083450,Shakib Al Hasan
1085495,E Lewis
1085496,Hasan Ali
1086067,BL Mooney
1086068,KH Brunt
1086069,DN Wyatt
1098211,E Lewis
1109610,V Kohli
1115798,GD Phillips
1115800,C Munro
1115807,C Munro
1115808,Fakhar Zaman
1115809,Shadab Khan
1117821,Babar Azam
1117822,NLTC Perera
1117824,Ahmed Shehzad
1119501,Kuldeep Yadav
1119502,JP Behrendorff
1119542,AU Rashid
1119543,Kuldeep Yadav
1119544,AD Hales
1119545,RG Sharma
1120093,S Dhawan
1120094,C Munro
1120095,JJ Bumrah
1120291,Usman Shinwari
1120292,Shadab Khan
1120293,Shoaib Malik
1122285,B Kumar
1122286,H Klaasen
1122287,SK Raina
1122729,YS Chahal
1122730,RG Sharma
1122731,JD Unadkat
1122902,ASS Fletcher
1122908,SFM Devine
1122909,SW Bates
1122910,SFM Devine
1123206,M Raj
1123208,S Ismail
1123210,M Raj
1126721,TT Beaumont
1126723,S Ecclestone
1126724,SFM Devine
1126725,A Shrubsole
1126726,KH Brunt
1127300,Sarfraz Ahmed
1127301,Usman Shinwari
1130746,BKG Mendis
1130747,BKG Mendis
1131235,A Gardner
1131236,NR Sciver
1131237,DN Wyatt
1131238,ML Schutt
1131239,EA Perry
1131240,AA Patil
1131241,MM Lanning
1133817,MDKJ Perera
1133818,V Shankar
1133819,Mushfiqur Rahim
1133820,SN Thakur
1133821,RG Sharma
1133822,Mahmudullah
1133823,KD Karthik
1138194,KJ Martin
1138195,AE Satterthwaite
1138196,HK Matthews
1138198,KJ Martin
1138202,Javeria Khan
1138203,HASD Siriwardene
1140069,Hussain Talat
1140070,Babar Azam
1140071,Fakhar Zaman
1140384,JL Denly
1140992,Kuldeep Yadav
1140993,KL Rahul
1141232,E Lewis
1142589,DM de Silva
1142913,Asif Ali
1142914,B Stanlake
1142915,AJ Finch
1142916,SF Mire
1142917,Fakhar Zaman
1142918,AJ Tye
1142919,Fakhar Zaman
1144149,Imran Tahir
1144150,D Paterson
1144161,DA Miller
1144162,DA Miller
1144163,Shadab Khan
1144172,DA Miller
1144173,HE van der Dussen
1144174,D Pretorius
1144441,D van Niekerk
1144442,A Khaka
1144978,RL Haynes
1144979,ML Schutt
1144980,EA Perry
1144989,T Shamsi
1144990,A Zampa
1144992,KH Pandya
1146723,AD Russell
1146724,Tamim Iqbal
1146725,Liton Das
1147717,CMA Shillington
1147718,RV Scholes
1147719,Nisha Ali
1147720,Shamima Sultana
1147722,CMA Shillington
1147723,Fahima Khatun
1147724,B Tau
1147725,KE Bryce
1147726,CJ Metcalfe
1147727,Fahima Khatun
1147728,M Tom
1147729,LK O'Reilly
1147730,G Candiru
1147731,Rumana Ahmed
1147732,C Sutthiruang
1147733,SL Kalis
1147734,KE Bryce
1147735,N Boochatham
1147736,Panna Ghosh
1148048,M Raj
1148051,Fahima Khatun
1148052,H Kaur
1148053,NND de Silva
1148054,Nida Dar
1148055,W Liengprasert
1148056,Rumana Ahmed
1148057,Salma Khatun
1148058,Nida Dar
1148059,AA Patil
1148060,E Bisht
1148061,W Liengprasert
1148062,Shamima Sultana
1148063,Rumana Ahmed
1150533,H Kaur
1150534,AJ Healy
1150535,DJS Dottin
1150537,M Raj
1150538,AJ Healy
1150539,KL Gordon
1150540,S Ismail
1150541,Javeria Khan
1150542,AJ Healy
1150543,HASD Siriwardene
1150544,SR Taylor
1150545,M Raj
1150546,JM Watkin
1150547,NR Sciver
1150548,HK Matthews
1150549,S Mandhana
1150550,SFM Devine
1150551,DJS Dottin
1150552,M Kapp
1150553,AJ Healy
1150554,AE Jones
1150555,A Gardner
1152840,EJG Morgan
1153317,SS Cottrell
1153318,Shakib Al Hasan
1153319,E Lewis
1153696,TL Seifert
1153697,KH Pandya
1153698,C Munro
1153843,DAJ Bracewell
1153858,LMM Tahuhu
1153859,SW Bates
1153860,SFM Devine
1156216,A Mohammed
1156218,L Wolvaardt
1156219,L Lee
1157372,Imad Wasim
1157373,Imad Wasim
1157374,Shadab Khan
1157375,Mohammad Hafeez
1157376,Shaheen Shah Afridi
1157377,Babar Azam
1157759,Kuldeep Yadav
1157760,RG Sharma
1157761,S Dhawan
1158071,JM Bairstow
1158072,SW Billings
1158073,DJ Willey
1158344,B Mpedi
1161231,S Molineux
1161232,G Wareham
1161233,AJ Healy
1162727,DJM Short
1168020,DN Wyatt
1168026,MM Lanning
1168027,EA Perry
1168028,KH Brunt
1168160,D van Niekerk
1168162,S Luus
1168247,NM Coulter-Nile
1168248,GJ Maxwell
1170457,Shaiman Anwar
1170458,DS Airee
1170459,Karan KC
1172163,TT Beaumont
1172164,DN Wyatt
1172165,KL Cross
1172469,DJS Dottin
1172470,SA Campbelle
1172471,Nida Dar
1172505,TP Visee
1172506,PR Stirling
1172507,RE van der Merwe
1172508,KJ Coetzer
1172509,A Balbirnie
1172510,A Neill
1172910,C Sutthiruang
1172911,Mas Elysa
1172912,S Venkataraman
1172913,SR Magar
1172914,YS To
1172915,CR Seneviratna
1172916,CR Seneviratna
1172917,C Sutthiruang
1172918,Zhang Chan
1172919,Nary Thapa
1172920,N Chaiwai
1172921,F Song
1172922,S Venkataraman
1172923,S Tippoch
1172924,Nary Thapa
1172925,N Chaiwai
1172926,SR Magar
1172927,M Yousaf
1172929,RC Belbashi
1173048,Poonam Yadav
1173049,SR Taylor
1173050,HNK Jensen
1173051,D van Niekerk
1173052,RL Haynes
1173053,Shafali Verma
1173054,HC Knight
1173055,Javeria Khan
1173056,Shafali Verma
1173057,AJ Healy
1173058,L Lee
1173059,HC Knight
1173060,HNK Jensen
1173061,RP Yadav
1173062,L Wolvaardt
1173063,NR Sciver
1173064,HASD Siriwardene
1173065,G Wareham
1173069,MM Lanning
1173070,AJ Healy
1176792,A Vala
1176793,TP Ura
1176796,DC Smith
1176797,L Siaka
1177018,Nida Dar
1177019,L Lee
1177020,Iram Javed
1177021,L Lee
1177022,L Lee
1177485,Shaiman Anwar
1182642,SM Mayers
1182644,D Busingye
1182646,B Etim
1182648,I van Zyl
1182649,SM Mayers
1182650,H Ishimwe
1182652,C Aweko
1182653,M Short
1182654,M Mupachikwa
1182656,N Mutasa
1182657,FO Kibasu
1182658,CS Mugeri-Tiripano
1182904,R Oa
1182905,Y Anggraeni
1182906,NM Ambo
1182909,R Oa
1182912,RSM Lili'i
1182913,N Tokizawa
1182914,K Arua
1182916,N Sitompul
1182917,N Navaika
1182918,K Arua
1183510,BL Mooney
1183511,BL Mooney
1183512,AJ Healy
1183524,DA Warner
1183525,DA Warner
1183526,DA Warner
1183528,SPD Smith
1183529,SA Abbott
1183543,HC Knight
1183544,HC Knight
1183545,EA Perry
1183546,A Shrubsole
1183547,A Gardner
1183548,S Molineux
1183549,JL Jonassen
1183856,U Iftikhar
1183857,S Sriharsha
1184258,SJ Baard
1184260,A Otwani
1184261,RR Patel
1184262,K Birkenstock
1184263,I Danladi
1184266,Riazat Ali Shah
1184900,VD Adewoye
1184901,C Viljoen
1184902,RR Patel
1185182,SA Ahmad
1185186,BDH Stevens
1185188,CAJ Meschede
1185190,B Ward
1185313,L Ngidi
1185314,MM Ali
1185315,EJG Morgan
1185316,AC Agar
1185317,Q de Kock
1185318,MA Starc
1186488,M Syahadat Ramli
1186490,MNR Cooray
1186491,Anwar Rahman
1186493,N Pathan
1187005,V Kohli
1187006,BE Hendricks
1187013,Mushfiqur Rahim
1187014,RG Sharma
1187015,DL Chahar
1187018,V Kohli
1187019,LMP Simmons
1187020,KL Rahul
1187665,JM Vince
1187666,MJ Santner
1187667,C de Grandhomme
1187668,DJ Malan
1187669,JM Bairstow
1187677,SS Iyer
1187678,KL Rahul
1187679,RG Sharma
1187680,SN Thakur
1187681,JJ Bumrah
1188621,Navdeep Saini
1188622,KH Pandya
1188623,DL Chahar
1188784,R Musamali
1188785,J Nyirankundineza
1188786,M Pascal
1189743,ND Laegsgaard
1189744,Zishan Shah
1190767,Janak Prakash
1190768,Syed Aziz
1190769,Inam-ul-Haq
1190771,G Malla
1190772,Adnan Idrees
1190773,S Chandramohan
1190774,P Khadka
1190775,Nouman Sarwar
1190776,TH David
1192223,P Khadka
1192224,B Bhandari
1192875,LRPL Taylor
1192876,TG Southee
1192877,SL Malinga
1196033,S Sunday
1197047,Nahida Akter
1197049,KE Bryce
1197051,C Sutthiruang
1197052,B Tau
1197053,L Delany
1197054,Nahida Akter
1197055,S Laomi
1197056,HDJ Siegers
1197057,Nigar Sultana
1197058,S Jimmy
1197059,Sanjida Islam
1197061,S Laomi
1197062,SJ Bryce
1197063,KJ Garth
1197064,S Ramautar
1197065,Sanjida Islam
1197066,SJ Bryce
1197140,Afif Hossain
1197143,Mahmudullah
1197246,S Miyaji
1197247,KY Chan
1197248,N Tokizawa
1197249,F Song
1197253,Sun Meng Yao
1197396,DMW Rawlins
1197397,Ravinderpal Singh
1197401,NS Dhaliwal
1197402,NS Dhaliwal
1197403,DAP Darrell
1197404,SR Taylor
1197406,Ravinderpal Singh
1197407,AC Douglas
1197507,CG Williams
1197508,JP Kotze
1197509,SJ Baard
1197510,MG Erasmus
1198217,Ainna Hamizah Hashim
1198218,WA Duraisingam
1198219,WA Duraisingam
1198235,DJ Malan
1198236,JC Buttler
1198237,MR Marsh
1198245,EJG Morgan
1198246,Mohammad Hafeez
1198475,MM Lanning
1198476,AJ Healy
1198477,JL Jonassen
1198478,DB Sharma
1198481,Poonam Yadav
1198482,L Lee
1198489,MD Gunathilaka
1198490,PBB Rajapaksa
1198491,PWH de Silva
1199499,S Vijayakumar
1199500,PR Stirling
1199501,MP O'Dowd
1199502,Fayyaz Butt
1199503,N Vanua
1199504,JW Jenner
1199505,RN ten Doeschate
1199506,RD Berrington
1199507,Rohan Mustafa
1199508,A Vala
1199509,NR Kumar
1199510,NMS Param
1199511,Aamir Kaleem
1199512,Hamza Tahir
1199513,Rameez Shahzad
1199514,GJ Delany
1199515,DM Gondaria
1199516,NR Kumar
1199517,JJ Smit
1199518,RE van der Merwe
1199519,B Ward
1199520,BM Scholtz
1199521,Aamir Kaleem
1199522,IA Karim
1199523,NR Kumar
1199524,SS McKechnie
1199526,Zawar Farid
1199527,KD Shah
1199528,CS MacLeod
1199529,D Ravu
1199530,MR Adair
1199531,MG Erasmus
1199532,Jatinder Singh
1199533,CA Young
1199534,CN Ackermann
1199535,MG Erasmus
1199536,N Vanua
1199537,Mohammad Ghazanfar
1199539,PM Seelaar
1199540,Muhammad Usman
1199541,BD Glover
1199542,JJ Smit
1199543,HG Munsey
1199544,Jatinder Singh
1199545,MH Cross
1199546,RE van der Merwe
1199547,N Vanua
1199548,Simi Singh
1199549,BD Glover
1200425,HG Munsey
1200426,A Balbirnie
1200427,BN Cooper
1201680,R Mutumbami
1201681,P Khadka
1201682,SC Williams
1201683,SC Williams
1201685,PJ Moor
1202007,J Rasu
1202008,PK Matautaava
1202009,N Nipiko
1202010,J Rasu
1202011,Syed Aziz
1202243,Navdeep Saini
1202244,SN Thakur
1202252,Shafali Verma
1202253,DB Sharma
1202254,JI Rodrigues
1202255,HK Matthews
1202256,V Krishnamurthy
1202366,H Kaur
1203676,PR Stirling
1203678,LMP Simmons
1204726,Bismah Maroof
1208347,AE Jones
1208348,AE Jones
1208349,HC Knight
1208606,G Malla
1208609,Karan KC
1208612,Ibrahim Hassan
1208613,LN Rajbanshi
1208804,Anjali Chand
1208806,Rabeya Khan
1208808,Nigar Sultana
1208810,Anjali Chand
1213058,Shoaib Malik
1213059,Babar Azam
1213874,O Thomas
1213875,AD Russell
1214670,Soumya Sarkar
1214671,Liton Das
1214763,CM Gough
1214764,AM Healey
1214765,JE Ronalds
1214766,ST Frohnmayer
1215136,Khizar Hayat
1215137,Virandeep Singh
1215138,Ahmed Faiz
1215139,Virandeep Singh
1215140,KD Shah
1215159,Khawar Ali
1215160,Chirag Suri
1215161,Sarfaraz Ali
1215162,MNM Aslam
1215163,R Sandaruwan
1215164,Junaid Siddique
1215165,Sultan Ahmed
1217738,Sidhant Singh
1217740,Haroon Arshad
1217741,Pavandeep Singh
1217744,Karan KC
1217745,Manpreet Singh
1223941,A Gardner
1223942,S Molineux
1223943,AC Kerr
1223952,YS Chahal
1223953,HH Pandya
1223954,MJ Swepson
1229204,CM Gough
1229205,JE Ronalds
1229206,A Bierwisch
1229207,CM Gough
1229208,A Bierwisch
1229824,IDA Damarell
1230855,TT Beaumont
1230856,S Glenn
1230857,NR Sciver
1230858,AE Jones
1230859,SS Connell
1233464,Babar Azam
1233465,Haider Ali
1233466,Usman Qadir
1233954,LH Ferguson
1233955,GD Phillips
1233959,JA Duffy
1233960,TG Southee
1233961,Mohammad Rizwan
1233971,DP Conway
1233972,MJ Guptill
1233973,AC Agar
1233974,AJ Finch
1233975,MJ Guptill
1233979,DP Conway
1233980,GD Phillips
1233981,FH Allen
1235829,Bakhtiar Tahiri
1235830,R Satheesan
1235832,S Vashisht
1237122,JM Bairstow
1237123,DJ Malan
1237124,DJ Malan
1239540,Shaheen Shah Afridi
1239541,MM Ali
1239542,JJ Roy
1243019,Mohammad Rizwan
1243020,D Pretorius
1243021,Mohammad Nawaz (3)
1243388,JC Archer
1243389,Ishan Kishan
1243390,JC Buttler
1243391,SA Yadav
1243392,B Kumar
1244848,Javeria Khan
1249206,JC Buttler
1249207,LS Livingstone
1249208,DJ Malan
1249235,S Glenn
1249236,FR Davies
1249237,KH Brunt
1249238,A Gardner
1249239,FL Mackay
1251575,Mohammad Rizwan
1251576,GF Linde
1251577,Babar Azam
1251578,Faheem Ashraf
1251953,T Shamsi
1251954,DA Miller
1251955,T Bavuma
1252066,KA Pollard
1252067,PWH de Silva
1252068,FA Allen
1253272,A Bosch
1253273,L Wolvaardt
1253274,RS Gayakwad
1256720,JO Holder
1256721,MM Ali
1256722,R Powell
1256723,MM Ali
1256724,JO Holder
1257183,Mohammad Rizwan
1257184,LM Jongwe
1257185,Hasan Ali
1257404,MG Erasmus
1257405,JJ Smit
1257406,CG Williams
1257945,K Bhurtel
1257946,MP O'Dowd
1257947,Karan KC
1257948,BFW de Leede
1257949,TS Braat
1257950,Sompal Kami
1257951,Karan KC
1260097,NR Sciver
1260098,DB Sharma
1260099,DN Wyatt
1260100,TT Beaumont
1260101,SFM Devine
1260102,HC Knight
1262758,B Kumar
1262759,DM de Silva
1262760,PWH de Silva
1262917,GH Lewis
1262918,K McGill
1262919,O Prendergast
1262920,GH Lewis
1263151,E Lewis
1263152,GF Linde
1263153,T Shamsi
1263154,KA Pollard
1263155,AK Markram
1263156,OC McCoy
1263157,SO Hetmyer
1263158,CH Gayle
1263159,MR Marsh
1263160,E Lewis
1263165,Mohammad Hafeez
1263471,A Zampa
1263472,JR Hazlewood
1263473,KW Richardson
1263474,GJ Maxwell
1263475,BKG Mendis
1263572,TM McGrath
1263622,TM McGrath
1263623,TM McGrath
1265214,V Hamunyela
1265215,S Wetoto
1265216,W Mwatile
1265218,SA Wittmann
1265220,H Ishimwe
1265221,Q Abel
1265222,B Etim
1265223,Yasmeen Khan
1265224,S Wetoto
1265225,MD Bimenyimana
1265226,S Wetoto
1267304,R Satheesan
1267306,Aslam Mohammad
1267307,Taranjeet Singh
1267308,S Thakur
1267310,Taranjeet Singh
1267322,SS Connell
1267323,Kycia A Knight
1267324,SR Taylor
1267680,Soumya Sarkar
1267681,W Madhevere
1267682,Soumya Sarkar
1268188,N Khanna
1268189,B Niaz
1268190,Sheraz Sheikh
1268191,Bilal Muhammad
1268747,AM Healey
1268748,A Doddaballapur
1268749,JE Ronalds
1268759,GH Lewis
1270834,Nasum Ahmed
1270835,Afif Hossain
1270836,Mahmudullah
1270837,MJ Swepson
1270838,Shakib Al Hasan
1271445,Ghulam Ahmadi
1271446,S Santhirakumaran
1271447,H Singh
1271448,VB Chikkannaiah
1271449,Sher Sahak
1271450,Wahidullah Sahak
1271451,Sahir Naqash
1271630,AK Markram
1271631,T Shamsi
1271632,Q de Kock
1272093,Shakib Al Hasan
1272094,Mahmudullah
1272095,AY Patel
1272096,Nasum Ahmed
1272097,TWM Latham
1272373,RW Chakabva
1272374,KJ O'Brien
1272375,PR Stirling
1272376,MR Adair
1272377,CR Ervine
1273133,HAM Shah
1273134,T Bharaj
1273136,Washeem Abbas
1273138,VP Thamotharam
1273139,Azhar Andani
1273143,Z Bimenyimana
1273144,R Bakum
1273145,Amoluk Singh
1273712,Zeeshan Maqsood
1273713,CN Greaves
1273714,C Campher
1273715,M Theekshana
1273716,RD Berrington
1273717,Shakib Al Hasan
1273718,D Wiese
1273719,PWH de Silva
1273720,Shakib Al Hasan
1273721,JH Davey
1273722,D Wiese
1273723,CBRLS Kumara
1273724,JR Hazlewood
1273725,MM Ali
1273726,KIC Asalanka
1273727,Shaheen Shah Afridi
1273729,A Nortje
1273730,Haris Rauf
1273731,JJ Roy
1273732,R Trumpelmann
1273733,A Zampa
1273734,N Pooran
1273736,T Shamsi
1273737,CJ Jordan
1273739,IS Sodhi
1273740,JC Buttler
1273741,K Rabada
1273742,Mohammad Rizwan
1273743,MJ Guptill
1273745,A Zampa
1273746,KIC Asalanka
1273747,JDS Neesham
1273748,RA Jadeja
1273749,DA Warner
1273750,HE van der Dussen
1273752,Shoaib Malik
1273753,RA Jadeja
1273754,DJ Mitchell
1273755,MS Wade
1273756,MR Marsh
1274595,SJ Bryce
1274596,GH Lewis
1274597,F Overdijk
1274600,B Maes Loch
1274601,KE Bryce
1274602,B de Leede
1274604,EAJ Richardson
1274606,M McColl
1274608,K Fraser
1274609,EAJ Richardson
1275042,IA Karim
1275045,JO Adedeji
1275047,JO Adedeji
1275051,F Akankwasa
1275074,N Kayani
1275104,I Muhawenimana
1275106,O Batisani
1275107,B Etim
1275108,M Musonda
1275111,KA Green
1275112,E Mbofana
1275113,L Bull
1275114,MA Swedy
1275115,S Nampiina
1275116,G Ishimwe
1275118,FO Kibasu
1275122,FO Kibasu
1275125,K Awino
1275126,O Matsolo
1275127,L Tshuma
1275128,PZ Kamunya
1275129,P Marange
1275131,FO Kibasu
1275132,CT Dhururu
1275268,Sami Ullah
1275269,TC Barker
1275270,Zeeshan Kukikhel
1275271,Bilal Muhammad
1275272,Asif Bevinje
1275275,Taranjeet Singh
1275276,Zeeshan Kukikhel
1275277,Asif Bevinje
1276904,HH Pandya
1276905,B Kumar
1276906,RJW Topley
1276913,MM Ali
1276914,RR Rossouw
1276915,T Shamsi
1277974,Hasan Ali
1277975,Fakhar Zaman
1277976,Haider Ali
1278671,SA Yadav
1278672,HV Patel
1278673,AR Patel
1278679,Ravi Bishnoi
1278680,RR Pant
1278681,SA Yadav
1278684,Ishan Kishan
1278685,SS Iyer
1278686,SS Iyer
1278687,DA Miller
1278688,H Klaasen
1278689,YS Chahal
1278690,KD Karthik
1279379,Tejwinder Singh
1279380,Gurpratap Singh
1279383,Gurpratap Singh
1279385,Zeeshan Sarwar
1279386,J Butler
1280058,CG Williams
1280061,KP Meiyappan
1280062,Waseem Muhammad
1280063,HG Munsey
1282272,HS Gericke
1282273,Osama Mahmood
1282275,NK Aneesh Kumar
1282278,H Lakov
1282279,VP Thamotharam
1282738,H Carlyon
1282739,GP Meade
1282740,Faisal Mubashir
1282741,B Ward
1282742,CW Perchard
1282743,DA Blignaut
1282744,G Stewart
1282745,B Ward
1282746,H Carlyon
1282747,MJ Richardson
1282748,D Klein
1282749,JW Jenner
1282929,RD de Sousa
1282930,GC Bhogle
1282935,Hala Azmat
1283021,SK Awiah
1283023,KS Bagabena
1283024,S Sesazi
1283025,N Krishna
1283026,MA Baig
1283029,DK Anefie
1283030,DM Nakrani
1283032,F Nsubuga
1283033,Sami Sohail
1283034,OH Agbomadzie
1283035,SKDT Madusanka
1283036,E Sebareme
1283037,DM Nakrani
1283038,M Akayezu
1283040,Sami Sohail
1283041,DM Nakrani
1283042,K Motlanka
1283043,II Selemani
1283044,F Damiao Couana
1283045,II Selemani
1283046,R Nehonde
1283047,S Conteh
1283048,R Nehonde
1283049,K Nassoro
1283050,S Conteh
1283051,Jitin Singh
1283089,M Kpaka
1283094,P Aho
1284491,Mohammad Rizlan
1284495,ED Silva
1284496,Sarfaraz Ali
1284497,Musawar Shah
1286667,SR Taylor
1286670,NS Dhaliwal
1286671,M Taylor
1286672,BS Stephenson
1286673,Aaron Jones
1286674,K Gore
1286675,A Ferguson
1286677,T Manders
1286681,G Singh
1286682,NK Patel
1286683,AC Douglas
1286684,Irfan Hafejee
1286685,D Heyliger
1286686,R Pathan
1286968,Theertha Satish
1286970,T Zangmo
1286971,Chaya Mughal
1286972,Mas Elysa
1286973,SR Magar
1286974,KY Chan
1286975,RC Belbashi
1286976,Khushi Sharma
1286978,Chan Ka Man
1286979,ER Oza
1286980,CR Seneviratna
1286981,Mahirah Izzati Ismail
1286982,M Hill
1287773,Haider Ali
1287774,Shadab Khan
1287775,Mohammad Rizwan
1288316,AJ Finch
1289031,LMM Tahuhu
1289042,S Thakor
1289043,DM Nakrani
1289044,DM Nakrani
1289045,AA Jasani
1289046,RB Patel
1289047,AA Obanda
1289048,RN Patel
1289049,Riazat Ali Shah
1289050,F Akankwasa
1289051,Vraj Patel
1289052,Riazat Ali Shah
1289053,JC Darji
1289284,I Barma
1289285,RC Belbashi
1289286,SR Magar
1291187,G Singh
1291188,L Tucker
1296027,Rumana Ahmed
1296028,AC Jayangani
1296029,Nahida Akter
1296030,KE Bryce
1296031,AC Jayangani
1296033,H Madavi
1296034,Murshida Khatun
1296035,Mas Elysa
1298135,JN Frylinck
1298136,BFW de Leede
1298137,HG Munsey
1298138,Sikandar Raza
1298139,BFW de Leede
1298140,P Nissanka
1298141,C Campher
1298142,AS Joseph
1298143,BKG Mendis
1298144,Waseem Muhammad
1298145,GJ Delany
1298146,Sikandar Raza
1298147,DP Conway
1298149,BKG Mendis
1298150,V Kohli
1298151,Taskin Ahmed
1298153,MP Stoinis
1298154,A Balbirnie
1298156,RR Rossouw
1298157,SA Yadav
1298158,Sikandar Raza
1298161,GD Phillips
1298162,Taskin Ahmed
1298163,Shadab Khan
1298164,L Ngidi
1298165,AJ Finch
1298167,JC Buttler
1298168,MP O'Dowd
1298169,V Kohli
1298170,Shadab Khan
1298171,KS Williamson
1298173,AU Rashid
1298174,CN Ackermann
1298175,Shaheen Shah Afridi
1298176,SA Yadav
1298177,Mohammad Rizwan
1298178,AD Hales
1298179,SM Curran
1299566,Aarif Sheikh
1299567,M Spoors
1299568,V Aravind
1299569,Junaid Aziz
1299570,Zeeshan Maqsood
1299571,K Bhurtel
1299572,Chirag Suri
1299573,GJ Delany
1299574,J Little
1299575,Sarfaraz Ali
1299576,S Lamichhane
1299577,Khawar Ali
1299578,M Spoors
1299579,P Kurup
1299580,Ahmed Raza
1299581,AR McBrine
1299582,H Thaker
1299583,SVE Bharathi
1299584,S Lamichhane
1299585,Waseem Muhammad
1299592,Rohan Mustafa
1299593,DS Airee
1299594,A Balbirnie
1299595,Aamir Kaleem
1299596,DS Airee
1299638,Chirag Suri
1301331,KH Brunt
1301332,DN Wyatt
1301333,S Ecclestone
1301334,S Glenn
1301335,S Mandhana
1301336,S Ecclestone
1303307,YS Chahal
1303308,DJ Hooda
1303312,GD Phillips
1303313,D Cleaver
1303314,GD Phillips
1303315,RR Hendricks
1303316,WD Parnell
1305498,S Lamichhane
1305499,S Muniandy
1305500,Aasif Sheikh
1305501,Karan KC
1305502,TP Ura
1305503,DS Airee
1305504,DS Airee
1306384,Khushi Sharma
1306385,Maria Jasvi
1306386,TI Gajanayake
1306387,Fiza
1306388,KKN Egodage
1306389,HMD Rasangika
1306390,Maryam Omar
1306392,SV Shetty
1306393,L Keny
1306396,PE Mendonca
1306397,ER Oza
1307293,JR Hazlewood
1307294,MS Wade
1307295,MD Shanaka
1307477,FH Allen
1307478,MS Chapman
1308236,O Prendergast
1308237,Nida Dar
1308238,GH Lewis
1309701,SJ Baard
1309702,DM Nakrani
1309703,JJ Smit
1310162,Yasir Ali
1310163,T Nightingale
1310164,LA Burns
1310165,MWR Stokes
1310166,D Doyle-Calle
1310167,Rizwan Mahmood
1310168,T Bharaj
1310169,HAM Shah
1310170,B George
1310171,B Arora
1310172,HV Mandhyan
1310173,B George
1310174,S Davizi
1310175,A Kheterpal
1310176,B George
1310177,S Davizi
1310178,Zahir Mohammed
1310179,L Bruce
1310180,Taranjeet Singh
1310181,R Satheesan
1310182,A Ashokan
1310183,R Satheesan
1310184,Saim Hussain
1310185,KC D'Souza
1310186,Dylan Steyn
1310187,Taranjeet Singh
1310188,H Carlyon
1310887,CS Mugeri-Tiripano
1310888,JA Diergaardt
1310889,JA Diergaardt
1310890,J Nkomo
1310891,J Nkomo
1310892,PE Kulume
1310893,J Mbabazi
1310894,SM Mayers
1310895,E Van Zyl
1310896,N Sibanda
1310938,CR Ervine
1310939,CG Williams
1310941,MG Erasmus
1310942,CG Williams
1310981,Tuba Hassan
1310982,Ayesha Naseem
1310983,Bismah Maroof
1311744,CR Seneviratna
1311745,ER Oza
1311746,KKN Egodage
1311747,S Gokhale
1314897,J Mbabazi
1314898,R Musamali
1314899,K Awino
1314900,H Roy
1314901,J Pandey
1316642,L Paul
1316643,S Ismail
1316644,L Goodall
1317136,KC D'Souza
1317137,IA De Silva
1317138,Saim Hussain
1317139,H Lakov
1317150,R Powell
1317151,N Pooran
1317482,AJ Finch
1317483,DA Warner
1317486,AD Hales
1317487,DJ Malan
1317636,A King
1317637,Nida Dar
1317638,TM McGrath
1317903,KD Karthik
1317904,OC McCoy
1317905,SA Yadav
1317906,Avesh Khan
1317907,AR Patel
1317908,MJ Santner
1317909,GD Phillips
1317910,BA King
1318357,DA Blignaut
1318358,V Ganesan
1318359,Aqib Iqbal
1318360,Abdullah Akbarjan
1318361,Iqbal Hossain
1318362,Talha Khan
1318373,C Aweko
1318375,F Eseigbe
1318376,L Idambo
1318377,Zinaida Jeremiah
1318378,H Ishimwe
1318379,R Samson
1318380,RD de Sousa
1318381,PZ Kamunya
1318382,V Ooko
1318383,F Eseigbe
1318393,G Ishimwe
1318394,S Akiteng
1318396,S Wetoto
1318404,PZ Kamunya
1319709,JI Rodrigues
1319710,H Kaur
1319711,AC Jayangani
1320190,Mas Elysa
1320191,Sangita Rai
1320194,ER Oza
1320195,M Hill
1320196,WA Duraisingam
1320197,RC Belbashi
1320198,KY Chan
1320200,I Nandakumar
1320201,K Kunwar
1320202,Vinu Kumar
1320203,A Mare
1320204,Maryam Omar
1320205,M Hill
1320206,WA Duraisingam
1320207,M Bibi
1320208,ER Oza
1320209,D Wangmo
1320211,Mas Elysa
1320212,Theertha Satish
1320969,Aziz Mohammad
1320973,VP Thamotharam
1320974,ND Laegsgaard
1320975,Hamza Dar
1320976,Murid Ekrami
1320977,Yasir Ali
1320978,IDM Latin
1320979,HS Gericke
1320982,SP Gomes
1320984,HAM Shah
1320986,Shaheryar Butt
1320987,B George
1320988,T Bharaj
1321258,G Burrows
1321259,Raaz Mohammad
1321260,V Saini
1321261,Muhammad Shoaib Ahmed
1321262,Zaker Taqawi
1321263,G Burrows
1321265,M Campopiano
1321266,NR Johns-Wickberg
1321267,DJ Turkich
1321269,Taranjeet Singh
1321270,PF Gallagher
1321273,Hamid Mahmood
1321274,A Dizija
1321275,DJ Turkich
1321276,G Burrows
1321277,N Davidovic
1321278,Atif Rasheed
1321279,Hamid Mahmood
1321280,M Campopiano
1321281,Sahel Zadran
1321282,Raza Iqbal
1321283,T Nightingale
1321284,G Mckeon
1321286,Mirza Ahsan
1321288,SKS Gill
1321289,Razmal Shigiwal
1321290,Faheem Nazir
1321291,IA De Silva
1321292,G Mckeon
1321293,Ali Saleem
1321294,SKS Gill
1321295,S Wickramasekara
1321296,MWR Stokes
1321298,Faheem Nazir
1321299,Muhammad Siddiqui
1321301,S Wickramasekara
1321302,LT Bichard
1321303,Jai Sinh
1321304,Iqbal Hossain
1321305,Razmal Shigiwal
1321306,Sazib Bhuiyan
1321307,Shahil Momin
1321308,Razmal Shigiwal
1321309,S Wickramasekara
1321310,A Ashokan
1321311,U Aryaman Sunil
1321312,M Syahadat Ramli
1321313,S Muniandy
1321465,Sikandar Raza
1321466,SR Taylor
1321467,BFW de Leede
1321468,DM Nakrani
1321469,SC Williams
1321470,SN Netravalkar
1321471,LV van Beek
1321472,A Vala
1321473,TLW Cooper
1321474,Babar Hayat
1321475,Sikandar Raza
1321478,Nizakat Khan
1321479,TP Ura
1321480,BFW de Leede
1321481,J Miyaji
1321482,NA Greenwood
1321483,CA Soper
1321484,Sikandar Raza
1321998,Zubaidi Zulkifle
1322001,Syazrul Idrus
1322002,Namgay Thinley
1322003,Ngawang Thinley
1322004,Virandeep Singh
1322005,Namgay Thinley
1322006,Syazrul Idrus
1322007,Azyan Farhath
1322009,T Jamtsho
1322010,Syed Aziz
1322011,A Mutreja
1322012,TP Ura
1322018,Sasha Azmi
1322019,Siow Tzin Yee
1322020,Siow Tzin Yee
1322276,SA Yadav
1322277,Mohammed Siraj
1322334,Mohammad Rizwan
1322335,Babar Azam
1322336,MG Bracewell
1322337,MG Bracewell
1322338,GD Phillips
1322339,Mohammad Rizwan
1322340,Mohammad Nawaz
1322362,KIC Asalanka
1322363,AF Milne
1322364,TL Seifert
1323295,Sikandar Raza
1323296,Mosaddek Hossain
1323297,RP Burl
1323550,A Mene-Ejegi
1323551,WAE Burton
1323552,Omar Rassol
1327228,L Wood
1327229,Babar Azam
1327230,HC Brook
1327231,Haris Rauf
1327232,Mohammad Rizwan
1327233,PD Salt
1327234,DJ Malan
1327270,HH Pandya
1327272,SA Yadav
1327273,BKG Mendis
1327274,Mohammad Rizwan
1327276,Mohammad Nawaz
1327277,MD Shanaka
1327280,PWH de Silva
1327281,PBB Rajapaksa
1327503,C Green
1327504,RG Sharma
1327505,SA Yadav
1327506,Arshdeep Singh
1327507,KL Rahul
1327508,RR Rossouw
1328470,Mohamed Shafeeq
1328471,Usman Patel
1328473,Shahrukh Quddus
1328474,Sompal Kami
1328476,G Malla
1328477,SO Ngoche
1328478,G Malla
1328849,Ehsan Khan
1328850,ED Silva
1328851,KP Meiyappan
1328852,Yasim Murtaza
1328853,Yasin Patel
1328854,Ehsan Khan
1329247,M Mupachikwa
1330808,S Horley
1331384,N Boochatham
1331385,Nigar Sultana
1331386,SM Mayers
1331387,SJ Bryce
1331388,K Ndlovu
1331389,Shohely Akhter
1331390,T Ruma
1331391,A Hunter
1331392,Murshida Khatun
1331394,GH Lewis
1331396,J Maguire
1331397,A Lister
1331398,N Chantam
1331399,S Jimmy
1331400,K Ndlovu
1332497,Akhil Anil
1332503,AR Ramjani
1332506,Yash Talati
1332507,D Maisuria
1332508,C Kyewuta
1332509,R Nehonde
1332510,Riazat Ali Shah
1333920,PV Vuniwaqa
1333921,N Nipiko
1333922,MTMMJ Ave
1333923,PV Vuniwaqa
1333924,MTMMJ Ave
1333925,J Batinibulu
1333926,AL Stephen
1333927,MTMMJ Ave
1333928,SM Tupou
1333929,N Nipiko
1333931,K Kadowaki-Fleming
1333932,IKEG Artawan
1334415,CA Henry
1334416,SW Bates
1334417,ML Green
1334418,SFM Devine
1334419,ML Green
1335785,Shamima Sultana
1335786,JI Rodrigues
1335787,Tuba Hassan
1335788,H Madavi
1335789,Sidra Ameen
1335790,S Meghana
1335791,H Madavi
1335792,JI Rodrigues
1335793,Theertha Satish
1335794,N Chantam
1335795,Nigar Sultana
1335796,T Putthawong
1335797,Nida Dar
1335798,M Shehani
1335799,Shafali Verma
1335800,N Koncharoenkai
1335801,Aliya Riaz
1335802,I Ranaweera
1335803,S Rana
1335805,Umaima Sohail
1335806,Shafali Verma
1335807,I Ranaweera
1335808,Renuka Singh
1336031,Afif Hossain
1336032,Mehedi Hasan Miraz
1336048,BA Carse
1336049,JM Bairstow
1336050,FH Allen
1336051,MJ Santner
1336074,BL Mooney
1336075,DN Wyatt
1336076,A Capsey
1336080,A Capsey
1336081,AC Jayangani
1336082,AC Jayangani
1336951,PR Surve
1336952,K Kadowaki-Fleming
1336953,R Sakurano-Thomas
1336955,IKEG Artawan
1336956,Alam Nakash
1336979,M Hill
1336980,Chan Ka Man
1336981,NT Miles
1336982,Ruchitha Venkatesh
1338040,AC Jayangani
1338041,NR Sciver-Brunt
1338042,A Gardner
1338043,JI Rodrigues
1338044,H Madavi
1338045,A Capsey
1338046,CL Tryon
1338047,G Wareham
1338048,DB Sharma
1338049,Muneeba Ali
1338050,AJ Healy
1338051,SW Bates
1338052,HK Matthews
1338053,NR Sciver-Brunt
1338054,TM McGrath
1338055,HK Matthews
1338056,AC Kerr
1338057,S Mandhana
1338058,NR Sciver-Brunt
1338059,L Wolvaardt
1338060,A Gardner
1338061,T Brits
1338062,BL Mooney
1339207,Yasir Ali
1339208,J van Heerden
1339209,Raja Adeel
1339210,M Campopiano
1339555,NH Berejo
1339558,A Brown-Carrera
1339604,R Powell
1339605,Q de Kock
1339606,AS Joseph
1339614,Haris Rauf
1339615,Babar Azam
1339616,TWM Latham
1339618,MS Chapman
1343740,M Akayezu
1343741,LM Gabriel
1343744,E Sebareme
1343745,D Maisuria
1343749,P Koech
1343750,SO Ngoche
1343756,D Maisuria
1343757,A Yon
1343760,Sami Sohail
1343761,E Dusingizimana
1343762,CO Obuya
1343763,K Irakoze
1343764,P Koech
1343768,HA Chohan
1343770,AA Onikoyi
1343771,T Sandeep
1343772,P Aho
1343773,F Damiao Couana
1343774,A Turay
1343775,F Damiao Couana
1343776,J Bulele
1343777,A Shreshta
1343778,II Selemani
1343780,K Nassoro
1343781,L Lamin
1343784,AR Patwa
1343785,G Ngegba
1343786,YM Nkanya
1343788,OH Agbomadzie
1343791,J Bulele
1343793,Muhammed Manga
1343794,P Aho
1343795,YM Nkanya
1343934,LK Bell
1343935,SIR Dunkley
1343936,CE Dean
1343937,CE Dean
1343938,FR Davies
1344507,S Laomi
1344508,SL Kalis
1344509,N Boochatham
1344510,N Chaiwai
1344511,AB Kaur
1344512,M Klaas
1344513,S Mandhana
1344514,T Brits
1344516,DB Sharma
1344517,CL Tryon
1344782,Bilal Khan
1344783,Saad Bin Zafar
1344784,A Johnson
1344785,Sohail Ahmed
1344786,Sohail Ahmed
1344787,A Johnson
1344788,Zeeshan Maqsood
1344789,Sarfaraz Ali
1344790,Ammar Khalid
1344791,Zeeshan Maqsood
1344792,A Johnson
1344793,Faisal Khan
1344794,Saad Khan
1344795,JOA Gordon
1345095,ML Schutt
1345096,BL Mooney
1345424,BL Mooney
1345425,S Mandhana
1345426,EA Perry
1345427,A Gardner
1345428,A Gardner
1346539,Q Abel
1346543,P Alako
1346545,V Abuga
1348323,RP Burl
1348324,GR Adair
1348325,RP Burl
1348640,DJ Hooda
1348641,MD Shanaka
1348642,SA Yadav
1348649,DJ Mitchell
1348650,SA Yadav
1348651,Shubman Gill
1349124,AP Rajeevan
1349126,J Baguma
1349128,Bilal Hassun
1349129,RG Mukasa
1349131,W Niyitanga
1349132,C Kyewuta
1349133,SA Jumbe
1349134,SA Jumbe
1349136,K Nassoro
1349137,Bilal Hassun
1349138,AM Kimote
1349139,S Sesazi
1349140,J Baguma
1349150,FO Kibasu
1349151,PZ Kamunya
1349152,E Anyipo
1349379,I Liyanage
1349380,Rizwan Haider
1349382,Sarfaraz Ali
1349383,Virandeep Singh
1349385,Virandeep Singh
1349386,Rizwan Butt
1349388,Ahmed Faiz
1349390,Mohammad Rizlan
1349391,Sohail Ahmed
1351400,Nazmul Hossain Shanto
1351401,Mehedi Hasan Miraz
1351402,Liton Das
1354800,C Rumistrzewicz
1354801,Mohammad Kamran
1354802,Shafat Ali Syed
1354803,Atif Mehmood
1355720,Rony Talukdar
1355721,Shakib Al Hasan
1355722,PR Stirling
1355838,Shafina Mahesh
1355839,Shafina Mahesh
1355840,H Dhavina
1355841,Vinu Kumar
1359788,YSD Seneveratne
1359789,KS Leverock
1359792,M Taylor
1359793,DMW Rawlins
1359795,KS Leverock
1359798,LA Musiani
1359799,RA Sealy
1359800,KS Leverock
1361770,Virandeep Singh
1361771,Aizaz Khan
1361772,Muhammad Amir
1361773,Haroon Arshad
1361774,Imran Anwar
1361775,Aizaz Khan
1362242,Yasim Murtaza
1365310,H Ishimwe
1365321,SM Mayers
1365322,N Boochatham
1365323,N Chantam
1367722,Kuldeep
1367723,SP Gomes
1367724,Azhar Andani
1367725,KJ Stagno
1367726,Sirajullah Khadim
1367727,IDM Latin
1367728,Kuldeep
1367729,F Stoman
1367730,L Bruce
1367731,Fazil Rahman
1367732,Suman Ghimire
1367733,Kuldeep
1370782,ND Laegsgaard
1370783,SA Ahmad
1370785,Choudry Share Ali
1370787,HAM Shah
1370790,Raza Iqbal
1370791,Prashant Shukla
1370902,Khushi Sharma
1370903,W Mwatile
1370904,M Hill
1370905,C Aweko
1370906,KA Green
1370908,W Mwatile
1370911,Theertha Satish
1370912,C Aweko
1370914,S Nampiina
1371605,WK Dilhari
1371606,NND de Silva
1373568,MR Marsh
1373569,SA Abbott
1373570,TM Head
1373579,AD Russell
1373580,BA King
1373581,PD Salt
1373582,PD Salt
1373583,G Motie
1375850,DA Warner
1375851,GJ Maxwell
1375852,AD Russell
1375863,HK Matthews
1375864,HK Matthews
1375865,HK Matthews
1375869,BL Mooney
1375870,L Wolvaardt
1375871,BL Mooney
1376121,Nik Nur Atiela
1376122,RC Belbashi
1376123,RC Belbashi
1376124,WA Duraisingam
1376125,SR Magar
1377727,TG Southee
1377728,Aayan Afzal Khan
1377729,WA Young
1378006,G Mallett
1378007,SK Ravuri
1378008,EL Bartram
1378010,CM Gough
1378011,IY Mckeon
1378014,CM Gough
1378015,PC McGeown
1378016,CM Gough
1378017,A Bester
1378018,AS Withanage
1378019,CM Greechan
1378020,PC McGeown
1378194,HK Matthews
1378195,HK Matthews
1378196,HK Matthews
1378200,AN Kelly
1378201,L Delany
1378202,R Stokell
1379575,H Ssenyondo
1379576,LN Oluoch
1379577,CO Obuya
1379578,H Ssenyondo
1379579,E Rukiriza
1379580,SO Ngoche
1379581,S Sesazi
1379582,S Singh
1379583,AR Ramjani
1379584,H Ssenyondo
1379585,CO Obuya
1379586,C Rububagumya
1379587,H Ssenyondo
1379589,Riazat Ali Shah
1379590,V Balakrishnan
1379592,DM Nakrani
1379695,Vaishnave Mahesh
1379760,SW Bates
1379761,LMM Tahuhu
1379762,AC Jayangani
1380583,Ghulam Ahmadi
1380584,V Ganesan
1380586,A Ashokan
1380587,S Wickramasekara
1381217,JO Holder
1381218,N Pooran
1381219,SA Yadav
1381220,YBK Jaiswal
1381221,R Shepherd
1381453,A Dizija
1381454,P Mishra
1381455,MV Pavlovic
1381456,Muhammed Turkmen
1381457,M Sarenac
1381458,Zaid Soulat
1382160,T Brits
1382161,Sidra Ameen
1382162,L Wolvaardt
1382163,H Kaur
1382164,DB Sharma
1382165,Shamima Sultana
1383068,NA Greenwood
1383069,C Campher
1383070,OJ Hairs
1383071,A Balbirnie
1383072,J van Heerden
1383073,MRJ Watt
1383074,L Tucker
1383075,WL Madsen
1383076,J van Heerden
1383077,OJ Hairs
1383078,ND Laegsgaard
1383079,BJ McCarthy
1383080,HJ Manenti
1383081,HG Munsey
1383082,NA Greenwood
1383083,RD Berrington
1383086,S di Bartolomeo
1383087,NA Greenwood
1383088,BJ Currie
1383089,K Kadowaki-Fleming
1383090,J Kariko
1383091,K Kadowaki-Fleming
1383093,DC Smith
1383094,SI Kamea
1383095,N Vanua
1383096,S Ravichandran
1383097,N Nipiko
1383098,TP Ura
1383099,KDA Lukies
1383100,N Vanua
1383101,Syazrul Idrus
1383102,Tashi Phuntsho
1383103,N Senamontree
1383104,Virandeep Singh
1383105,J Coetzee
1383106,S Pradhan
1383107,Ahmed Faiz
1383108,AP Yadav
1383109,Chen Zhuo Yue
1383110,S Vijay Unni
1384545,C Sutthiruang
1384546,HDJ Siegers
1384547,DEM Carter
1384548,KE Bryce
1384549,T Putthawong
1384582,Usman Khan
1384584,Zeeshan Khan
1384585,SM Warnakulasuriya
1384586,E Jabarkhel
1384587,G Mckeon
1384588,Usman Khan
1384589,Fanyan Mughal
1384590,Faheem Nazir
1384591,L Canessane
1384592,Osama Mahmood
1384593,Zeeshan Khan
1384594,Faheem Nazir
1384595,V Vijh
1384596,K Fletcher
1384597,Anoop Orsu
1384598,Waqas Ahmad
1384599,V Saini
1384600,Arjun Vinod
1384634,JJ Bumrah
1384637,RK Singh
1385688,JC Buttler
1385690,AU Rashid
1385697,TM Head
1385698,LS Livingstone
1387243,Fayaz Khan
1387244,MWR Stokes
1387245,J Butler
1387598,T Shamsi
1387599,SA Yadav
1387944,L Barnett
1387945,A Savvani
1387946,L Barnett
1387947,A Savvani
1387948,L Barnett
1387949,RL Blake
1387951,L Barnett
1388196,Fatima Sana
1388197,Aliya Riaz
1388198,SW Bates
1388202,HC Knight
1388203,HC Knight
1388204,SFM Devine
1388205,ME Bouchier
1388206,NR Sciver-Brunt
1388213,Mahedi Hasan
1388215,MJ Santner
1388216,DJ Mitchell
1388217,FH Allen
1388218,FH Allen
1388219,DJ Mitchell
1388220,Iftikhar Ahmed
1388223,MR Marsh
1388224,PJ Cummins
1388225,MW Short
1389391,SA Yadav
1389392,YBK Jaiswal
1389393,GJ Maxwell
1389394,AR Patel
1389395,AR Patel
1390167,Sheikh Rasik
1390169,Sheikh Rasik
1391332,Washeem Abbas
1391333,Imran Ameer
1391335,S Vashisht
1391336,R Satheesan
1391337,R Satheesan
1391338,L Bruce
1391339,Bilal Masud
1391650,KM Myat
1391651,TT Soe
1391652,MPP San
1391655,SK Ravuri
1391658,Kanchan Rana
1391707,IJR Zwilling
1391708,IJR Zwilling
1392354,AC Kerr
1392355,M Klaas
1392802,Adnan Idrees
1392803,H Rathod
1392805,Meet Bhavsar
1392808,Adnan Mirza
1392809,Rizwan Butt
1392811,Rizwan Butt
1392812,Zahoor Khan
1393309,K Waiswa
1393310,K Waiswa
1393312,AR Ramjani
1393313,RG Mukasa
1393314,K Waiswa
1393315,M Yunusu Issa
1393316,AR Ramjani
1393317,AR Ramjani
1393319,B Masaba
1393320,S Sesazi
1393329,AR Ramjani
1393330,SA Jumbe
1393332,YM Nkanya
1393590,Ainna Hamizah Hashim
1393591,SR Magar
1393592,M Hill
1393593,I Barma
1393594,Amna Tariq
1393595,Ainna Hamizah Hashim
1393597,K Dangol
1393876,R Andrew
1393877,V Langiatu
1394751,SR Magar
1394752,HMD Rasangika
1394753,Vaishnave Mahesh
1394754,Xiuli Jin
1394755,M Bibi
1394757,M Hill
1394758,D Wangmo
1394759,KKN Egodage
1394759,KKN Egodage
1394760,I Barma
1394761,Mas Elysa
1394762,Puja Mahato
1394763,ER Oza
1394764,KY Chan
1394765,P Maya
1394766,ER Oza
1394767,I Barma
1394768,Nur Dania Syuhada
1394769,Chen Yue
1394774,Zon Lin
1394775,N Koncharoenkai
1394777,N Koncharoenkai
1394778,KKN Egodage
1394792,Erika Oda
1394794,S Solman
1394795,TM Faimalo
1394796,N Vare
1394797,R Andrew
1394798,Erika Oda
1394799,S Jimmy
1394800,R Andrew
1394801,NLKWR Dewi
1394802,Nonoha Yasumoto
1394805,A Andriani
1394806,NLKWR Dewi
1394807,K Arua
1394810,ZP Ikiua
1394917,Q Abel
1394918,LL Dimba
1394919,P Cuinica
1394920,A Fillie
1394921,L Idambo
1394922,S Mosweu
1394923,E Kamara
1394924,MLN Sissako
1394925,MLN Sissako
1394926,AM Kamara
1394927,G Matome
1394928,Q Abel
1394929,S Mosweu
1394930,Q Abel
1394932,F Odhiambo
1395007,IM Vaghela
1395008,M Hundal
1395009,S Sriharsha
1395010,D Saxena
1395011,RP Singh
1395012,RMAM Avery
1395013,Amarpal Kaur
1395014,A Kolan
1395015,D Saxena
1395016,RP Singh
1395017,RMAM Avery
1395018,D Dhingra
1395026,IJR Zwilling
1395028,SL Kalis
1395029,EL Bartram
1395030,IJR Zwilling
1395031,KE Bryce
1395032,SJ Bryce
1395033,R Rijke
1395035,SJ Bryce
1395036,KE Bryce
1395037,R Rijke
1397437,Haider Butt
1397438,Ayan Khan
1397439,Aqib Ilyas
1398254,Shorna Akter
1398256,A Hlubi
1398261,L Wolvaardt
1398262,WK Dilhari
1398263,AC Jayangani
1398268,AE Jones
1398269,A Capsey
1398270,DN Wyatt
1398277,DN Wyatt
1398278,CE Dean
1398279,A Capsey
1398280,S Glenn
1398281,HC Knight
1398295,Virandeep Singh
1398296,TP Ura
1398298,Virandeep Singh
1398299,J Kariko
1398300,Nasrulla Rana
1399138,R Sandaruwan
1399142,Saqlain Arshad
1399143,Faisal Khan
1399144,R Sandaruwan
1399145,Faisal Khan
1399146,Meet Bhavsar
1399148,Muhammad Tanveer
1399149,Meet Bhavsar
1399150,KS Leverock
1399151,A Morris
1399152,T Manders
1399153,H Thaker
1399154,A Johnson
1399155,DL Brangman
1399156,Pargat Singh
1399157,DMW Rawlins
1399161,Kaleem Sana
1400036,Theertha Satish
1400037,Yasmeen Khan
1400038,JA Diergaardt
1400039,V Hamunyela
1400040,W Mwatile
1400041,KKN Egodage
1400053,BA Pai
1400054,BA Pai
1400055,KJ Stagno
1400972,C Udekwe
1400973,OH Agbomadzie
1400974,Sulaimon Runsewe
1400975,K Irakoze
1400976,P Aho
1400977,Hamza Khan
1400980,Mohameed Taiwo
1400982,Sulaimon Runsewe
1400983,R Coker
1400984,I Danladi
1400985,E Rukiriza
1400986,K Irakoze
1400987,IO Okpe
1400991,I Danladi
1403288,RK Paudel
1403289,Karan KC
1403290,Kushal Malla
1403291,Zahoor Khan
1403292,DS Airee
1403293,Babar Hayat
1403294,Aayan Afzal Khan
1403297,Shashikant Laxman
1403301,T Rossi
1403305,Lucas Rossi
1403686,GH Lewis
1403687,SJ Bryce
1404390,N Davin
1404391,Sikandar Raza
1404392,Sikandar Raza
1404393,MG Erasmus
1404394,JJ Smit
1405121,Nahida Akter
1405122,Shorna Akter
1405123,Muneeba Ali
1405313,Ali Naseer
1405314,K Bhurtel
1405315,Zeeshan Maqsood
1405316,M Coetzee
1405317,Aqib Ilyas
1405319,Kushal Malla
1405320,Ali Naseer
1405321,Shakeel Ahmed
1405322,Basil Hameed
1405323,Muhammad Amir
1405324,Usman Patel
1405325,Aqib Ilyas
1405326,Aasif Sheikh
1405327,KH Prajapati
1406073,NR Sciver-Brunt
1406074,CE Dean
1406075,SR Patil
1406081,TR Sadhu
1406082,KJ Garth
1406083,A Sutherland
1407089,IA Karim
1407090,Riazat Ali Shah
1407091,N Davin
1407092,P Useni
1407093,R Ngarava
1407095,D Wiese
1407096,CO Obuya
1407097,N Davin
1407098,P Useni
1407099,Riazat Ali Shah
1407100,DM Nakrani
1407101,Sikandar Raza
1407102,JN Frylinck
1407103,JJ Smit
1407104,Sikandar Raza
1407105,SA Jumbe
1407106,S Sesazi
1407107,Sikandar Raza
1407108,AR Ramjani
1407109,MG Erasmus
1407714,PR Surve
1407715,GA Priandana
1407716,RR Sharan
1407717,KC Ramamoorthy
1407718,US Hathinjar
1407864,Sangita Rai
1407865,M Hill
1407866,S Mtae
1407867,Iqra Sahar
1407868,SF Jerome
1407869,KY Chan
1407870,Puja Mahato
1407871,M Hill
1408103,Sikandar Raza
1408104,HT Tector
1408105,GH Dockrell
1411261,J Nkomo
1411262,S Mtae
1411263,Yasmeen Khan
1411264,J Mbabazi
1411265,HM Omary
1411266,K Ndlovu
1411267,P Agboya
1411268,C Aweko
1411269,Q Abel
1411270,P Marange
1411271,M Gorases
1411272,C Aweko
1411273,P Marange
1411274,R Musamali
1411276,P Marange
1412530,J Alegra
1412531,GA Priandana
1412532,IK Gamantika
1412533,HER Tyler
1412534,F Banunaek
1412535,Kulwinderjeet Singh
1412542,AD Mathews
1412543,LM Jongwe
1412544,PWH de Silva
1415701,Aaron Jones
1415702,RL Chase
1415703,D Wiese
1415704,A Nortje
1415707,TJG Pringle
1415708,JJ Bumrah
1415709,Riazat Ali Shah
1415710,MP Stoinis
1415711,MD Patel
1415712,MA Leask
1415713,NR Kirton
1415715,Rishad Hossain
1415716,DA Miller
1415717,A Zampa
1415718,AJ Hosein
1415719,JJ Bumrah
1415720,BJ McMullen
1415721,H Klaasen
1415722,Mohammad Amir
1415724,A Zampa
1415725,Arshdeep Singh
1415726,SE Rutherford
1415727,Shakib Al Hasan
1415728,AU Rashid
1415731,T Shamsi
1415732,TG Southee
1415734,HC Brook
1415735,MP Stoinis
1415736,Shaheen Shah Afridi
1415737,Tanzim Hasan Sakib
1415738,KIC Asalanka
1415739,LH Ferguson
1415741,Q de Kock
1415742,PD Salt
1415744,PJ Cummins
1415745,Q de Kock
1415746,RL Chase
1415747,HH Pandya
1415749,AU Rashid
1415750,T Shamsi
1415751,RG Sharma
1415754,AR Patel
1415755,V Kohli
1415983,A Hunter
1415984,L Delany
1415985,O Prendergast
1415986,O Prendergast
1415987,O Prendergast
1418176,Luqman Butt
1418177,S Godara
1418181,Anjar Tadarus
1418182,S Chandramohan
1418183,R Sakurano-Thomas
1418184,Usman Khalid
1418185,Luqman Butt
1418186,C Chatphaisan
1418187,S Ravichandran
1418188,Faisal Khan
1418190,AE Paraam
1418191,J Coetzee
1418192,J Coetzee
1418193,Azyan Farhath
1418194,Usman Najeeb
1418195,RR Sharan
1418196,Aritra Dutta
1418197,Hisham Sheikh
1418539,Anshuman Rath
1418540,JJ Atkinson
1418541,K Kadowaki-Fleming
1418541,L Yamamoto-Lake
1418542,Yasim Murtaza
1418543,Haroon Arshad
1418544,MM Siddique
1418545,Nizakat Khan
1419824,KIC Asalanka
1419825,Nazmul Hossain Shanto
1419826,N Thushara
1419906,C Sutthiruang
1419907,KKN Egodage
1419908,Mas Elysa
1419909,SR Magar
1419910,Zeefa Jilani
1419911,M Yanagida
1419912,Aysha
1419913,A Gurung
1419914,N Chaiwai
1419915,ER Oza
1419916,NPAN Sakarini
1419917,SR Magar
1419918,ZT Kyaw
1419919,A Chandel
1419920,Mas Elysa
1419921,KY Chan
1419922,Zeefa Jilani
1419923,Xu Qian
1419924,Mahirah Izzati Ismail
1419926,S Khiaoto
1419927,KKN Egodage
1419928,NLKWR Dewi
1419930,N Boochatham
1419931,H Hotchandani
1419932,Mas Elysa
1419933,SR Magar
1419934,H Hotchandani
1419935,Siow Tzin Yee
1419936,ER Oza
1420223,Sikandar Raza
1420224,Abhishek Sharma
1420225,Washington Sundar
1420226,YBK Jaiswal
1420227,S Dube
1420801,Sarawut Maliwan
1420802,Kashif Siddique
1420803,Abdul Waheed
1420804,Umar Adam
1420805,AP Yadav
1420806,Waji Ul Hassan
1420807,Usman Khalid
1420808,T Jamtsho
1421078,Junaid Siddique
1421079,J Jarvis
1421080,BJ Currie
1422037,JN Loftie-Eaton
1422038,SA Engelbrecht
1422039,M Levitt
1422040,Kushal Malla
1422041,Pratis GC
1422043,M Levitt
1422802,M Coetzee
1422803,Muhammad Tanveer
1422804,Dhananjay Rao
1422807,A Mansale
1422808,Sarfaraz Ali
1422809,MNM Aslam
1422810,Virandeep Singh
1422811,Umer Imtiaz
1422812,Mohamed Shafeeq
1422813,Syed Aziz
1422814,Rizwan Butt
1422815,Sohail Ahmed
1422816,Virandeep Singh
1422817,Shiraz Khan
1422818,Rizwan Butt
1423372,Zeeshan Maqsood
1423373,S Bau
1423374,Khalid Kail
1423439,Babar Hayat
1423441,K Bhurtel
1423442,S Bau
1423444,TP Ura
1423459,KA Green
1423463,N Shangase
1423464,U Peace
1423465,J Nkomo
1423467,S Mtae
1423470,I Nakisuuyi
1423471,N Shangase
1423472,K Ndlovu
1423473,S Sunday
1423474,K Ndlovu
1424752,O Muzondo
1424754,G Van Heerden
1424755,DM Nakrani
1424756,WT Mubayiwa
1424757,I Danladi
1424759,S Sesazi
1424761,CO Obuya
1424762,O Muzondo
1424763,B Shikongo
1424765,T Musekiwa
1424766,C Kyewuta
1424767,T Marumani
1424830,Shaheen Shah Afridi
1424831,MS Chapman
1424832,W O'Rourke
1424833,Shaheen Shah Afridi
1425064,AJ Healy
1425065,G Wareham
1425066,TJ Vlaeminck
1425110,CJA Amini
1425111,Virandeep Singh
1425121,NP Kenjige
1425122,MD Patel
1425124,Harmeet Singh
1425125,NR Kumar
1425126,Taskin Ahmed
1425127,Towhid Hridoy
1425128,Towhid Hridoy
1425129,Mustafizur Rahman
1425130,BJ Bennett
1425131,Harmeet Singh
1425132,Ali Khan
1425133,Mustafizur Rahman
1425638,SIP Fernando
1425639,EAJ Richardson
1425640,R Slater
1425641,N Navaika
1425642,SL Kalis
1425643,I Nakisuuyi
1425644,J Nkomo
1425645,WK Dilhari
1425646,KE Bryce
1425647,A Hunter
1425648,N Chantam
1425649,ER Oza
1425650,B de Leede
1425651,RMVD Gunaratne
1425652,EAJ Richardson
1425653,T Putthawong
1425654,KE Bryce
1425655,S Dharnidharka
1425656,AC Jayangani
1425657,L Delany
1425658,KE Bryce
1425659,ER Oza
1425660,AC Jayangani
1426048,M Musonda
1426049,P Siaka
1426050,CS Mugeri-Tiripano
1426084,K Ramharack
1426085,HK Matthews
1426086,HK Matthews
1426087,Sadia Iqbal
1426088,HK Matthews
1426450,T Lungameni
1426451,MG Erasmus
1426452,Naseem Khushi
1426453,D Wiese
1426454,MG Erasmus
1426455,Aqib Ilyas
1426456,A Sharafu
1426457,DS Airee
1426458,Nizakat Khan
1426459,R Sandaruwan
1426460,Aayan Afzal Khan
1426461,DS Airee
1426462,Ahmed Aqeel
1426463,Aqib Ilyas
1426464,Abdul Waheed
1426465,A Bohara
1426466,H Rathod
1426467,Bilal Khan
1426468,Yasin Patel
1426469,Gayan Munaweera
1426470,Ali Dawood
1426471,Babar Hayat
1426472,Gulsan Jha
1426473,Aayan Afzal Khan
1426474,Zeeshan Maqsood
1426475,A Sharafu
1426476,Aqib Ilyas
1426477,Anshuman Rath
1426478,Waseem Muhammad
1426479,Mohammad Ihsan
1426552,GJ Maxwell
1426553,SH Johnson
1426554,MP Stoinis
1426617,P Litchfield
1426618,A Gardner
1426619,G Wareham
1426626,BL Mooney
1426627,TM McGrath
1426628,BL Mooney
1426756,Samjhana Khadka
1426757,DB Sharma
1426758,N Koncharoenkai
1426759,RMVD Gunaratne
1426760,RM Ghosh
1426761,Gull Feroza
1426762,AC Jayangani
1426763,Rabeya Khan
1426764,Gull Feroza
1426765,Shafali Verma
1426766,Murshida Khatun
1426767,AC Jayangani
1426768,Renuka Singh
1426769,AC Jayangani
1426770,H Madavi
1426830,A Balbirnie
1426831,Mohammad Rizwan
1426832,Shaheen Shah Afridi
1427421,EAS Ferrary
1427422,N Caruana
1428151,VJ Kingma
1428152,MR Adair
1428154,HG Munsey
1428155,A Balbirnie
1428156,GH Dockrell
1428743,Shantanu Kaveri
1428744,R Ankad
1428745,S Ravikumar
1428746,Pratik Singh Bais
1429009,NPAN Sakarini
1429010,NKF Rada Rani
1429012,NLKWR Dewi
1429013,R Rohmalia
1429393,Renuka Singh
1429394,D Hemalatha
1429395,Shafali Verma
1429396,H Kaur
1429397,RP Yadav
1429622,G Matome
1429623,MD Bimenyimana
1429624,MD Bimenyimana
1429625,O Keitsemang
1429626,MD Bimenyimana
1429627,AL Mundundo
1429628,A Mokgotlhe
1429630,MD Bimenyimana
1429631,T Shadrack
1429632,Rosine Irera
1429634,O Mondlane
1429635,MD Bimenyimana
1430812,H Madavi
1430813,GH Lewis
1430820,BF Smith
1430821,O Prendergast
1431086,RD Rickelton
1431087,GR Adair
1431120,W Miyauchi
1431121,K Kato-Stafford
1431123,M Taniyama
1431124,S Ravichandran
1431125,S Ravichandran
1431126,L Yamamoto-Lake
1431608,KD Kesuma
1431609,Gaurav Tiwari
1431610,MK Thakur
1431611,AV Lazarus
1432194,L Canessane
1432195,Dawood Ahmadzai
1432196,Zaheer Zahiri
1432197,B Niaz
1432198,F Khaliq
1432199,Ikbal Hossain
1432200,F Khaliq
1432211,GF Linde
1432212,RR Hendricks
1432225,NR Sciver-Brunt
1432226,S Glenn
1432227,CE Dean
1432422,Ritu Moni
1432423,Fatima Sana
1432424,N Mlaba
1432425,SFM Devine
1432426,ML Schutt
1432427,DN Wyatt
1432428,A Reddy
1432429,CA Henry
1432430,S Ecclestone
1432431,ML Schutt
1432432,M Kapp
1432433,H Kaur
1432434,K Ramharack
1432435,A Gardner
1432436,GE Plimmer
1432437,T Brits
1432438,ME Bouchier
1432439,S Molineux
1432440,EJ Carson
1432441,Q Joseph
1432442,A Bosch
1432443,EJ Carson
1432444,AC Kerr
1433362,BA King
1433363,RL Chase
1433364,J Charles
1433367,N Pooran
1433368,R Shepherd
1433369,R Shepherd
1433373,PD Salt
1433374,JC Buttler
1433375,S Mahmood
1433376,SD Hope
1433383,Mahedi Hasan
1433384,Shamim Hossain
1433385,Jaker Ali
1433775,B de Leede
1434155,BA Pai
1434157,Taranjeet Singh
1434160,S Bodha
1434161,Taranjeet Singh
1434291,T Brits
1434293,P Vastrakar
1435618,H Ishimwe
1435620,J Mbabazi
1435621,Q Abel
1435623,I Nakisuuyi
1435624,T Shadrack
1435625,MD Bimenyimana
1435626,H Ishimwe
1435627,F Odhiambo
1435628,L Udeh
1435630,P Timong
1435632,L Piety
1435633,A Ikuzwe
1435634,L Udeh
1435635,I Nakisuuyi
1435637,LL Dimba
1435638,E Wachira
1435639,T Shadrack
1435640,I Nakisuuyi
1435643,P Alako
1435644,L Piety
1435645,C Muthoni
1435646,S Kananji
1435647,Q Abel
1435648,H Ishimwe
1436471,HJ Manenti
1436472,V Ravindran
1436474,V Saini
1436475,Aqib Iqbal
1436476,JA Burrows
1436479,TJ Draca
1436480,Karanbir Singh
1436481,TC Barker
1436482,Muhammad Burhan
1436483,M Koli
1436484,C Roberts
1436487,CJ Langford
1436488,Bilal Zalmai
1436489,Kamran Ahmadzai
1436490,Taranjeet Singh
1436491,E Solomon
1436492,Bilal Zalmai
1436493,Amandeep Singh
1436494,JA Burns
1436891,SA Campbelle
1438073,AM Tribe
1438074,AM Tribe
1438075,S Gooch
1438076,Sahil Chauhan
1438077,S Burdekin
1438078,Sahil Chauhan
1438079,R Siriwardena
1438080,S Gooch
1438090,N Caruana
1438091,E Vukusic
1438092,E Vukusic
1438093,T Kolcunova
1438094,N Caruana
1438095,EAS Ferrary
1438097,D Koralalage
1438101,I Chathurani
1438102,B de Leede
1438103,SL Kalis
1438104,R Rijke
1438105,R Rijke
1438257,D Abeyrathna
1438259,D Abeyrathna
1438262,Khizer Ahmed
1439813,H Carlyon
1439814,H Singh
1439815,B Niaz
1439816,Walid Ghauri
1439817,Raza Iqbal
1439818,ZXM Vukusic
1439819,H Singh
1439821,B Ward
1439822,Fayaz Khan
1439823,ZXM Vukusic
1439824,Izaz Ali
1439825,Imal Zuwak
1439826,Abdullah Rana
1439829,Muhammad Muneeb
1439830,Wahidullah Sahak
1439831,K Fletcher
1439832,A Mundra
1439833,V Ganesan
1439836,B Ward
1439893,Arshdeep Singh
1439894,Nithish Kumar Reddy
1439895,SV Samson
1439899,CV Varun
1439900,Tilak Varma
1439901,CV Varun
1439902,S Dube
1439903,Abhishek Sharma
1440129,NA Greenwood
1440130,JW Jenner
1440131,T Nightingale
1440443,NW Sariani
1440444,NW Sariani
1440446,NW Sariani
1440447,NLKWR Dewi
1440448,Ada Bhasin
1440449,A Gurung
1440450,K Winda Prastini
1440463,TM Head
1440464,JP Inglis
1440465,C Green
1441135,Tanzeel Sheikh
1441136,S Singh
1441140,N Mugabe
1441145,RR Patel
1442735,SR Bhudia
1442736,RN Patel
1442737,VD Adewoye
1442738,Sulaimon Runsewe
1442739,F Mutua
1442987,SA Yadav
1442988,Ravi Bishnoi
1442989,Washington Sundar
1442996,C Miles
1443543,JA Duffy
1443544,MJ Hay
1443545,MDKJ Perera
1443549,KA Jamieson
1443550,TL Seifert
1443551,Hassan Nawaz
1443552,FH Allen
1443553,JDS Neesham
1443571,M Madara
1443572,SW Bates
1443574,BL Mooney
1443575,BL Mooney
1443576,G Voll
1443766,A Davidson Soler
1443767,M Dale-Bradley
1443768,HAM Shah
1443769,NM Salonen
1443770,S Gooch
1443771,HAM Shah
1443772,J Butler
1443773,Sazib Bhuiyan
1443775,Raaz Mohammad
1443776,S Burdekin
1443777,Bilal Masud
1443778,B George
1443779,M Vandrasi
1443780,Harry Johnson
1443781,Yasir Ali
1443782,HAM Shah
1443783,Atif Rasheed
1443784,M Vandrasi
1443785,Habib Khan
1443786,C Rumistrzewicz
1443787,S Burdekin
1443788,Bilal Masud
1443789,MWR Stokes
1444531,M Rathnayake
1444532,JE Ronalds
1444534,C Mahamalage
1444535,G Mallett
1444536,EL Bartram
1444537,EC Bargna
1444550,DEM Carter
1444551,NM Sheikh
1444652,Tayyab Tahir
1444653,Sufiyan Muqeem
1444654,BJ Bennett
1444669,S Kanankege
1444947,Yasir Ali
1444948,Atif Mehmood
1444949,C Rumistrzewicz
1444950,Hamza Dar
1444951,D Long Martinez
1444952,HB Dickson
1444953,D Visser
1444954,C Dickson
1444955,A Mansale
1444956,D Visser
1444957,A Sokovagone
1444958,D Visser
1444959,OE Taylor
1444960,P Dakainivanua
1444961,T Parima
1444962,PV Vuniwaqa
1444963,SF Tiai
1445485,L Ostergaard
1445489,R Hubbard
1445491,P Agrawal
1445493,L Ostergaard
1446764,Saad Bin Zafar
1446765,SR Mukkamalla
1446766,A Dutt
1446772,Syed Aziz
1446773,Yasim Murtaza
1446774,Bilal Tahir
1446775,MNM Aslam
1446776,Ehsan Khan
1446777,R Sandaruwan
1447477,Syed Aziz
1447478,Anas Khan
1447479,CV Anto
1447480,Manpreet Singh
1447481,Virandeep Singh
1447482,Ehsan Khan
1447483,Zeeshan Ali
1447484,Usman Patel
1447485,Pyae Phyo Wai
1447486,Ateeq Iqbal
1447487,Yasin Patel
1447488,Syed Aziz
1447489,Usman Patel
1447490,H Bharadwaj
1447491,Umar Adam
1447492,Azyan Farhath
1447494,Syed Aziz
1447496,Virandeep Singh
1447543,C Perry
1447550,L Barnett
1447551,M Syrioti
1447553,L Barnett
1448346,LA Dawson
1448347,L Wood
1448348,BM Duckett
1448357,D Ferreira
1448358,PD Salt
1448360,PD Salt
1448362,AU Rashid
1448391,HK Matthews
1448392,EL Arlott
1448393,HK Matthews
1448397,S Mandhana
1448398,AB Kaur
1448399,SIR Dunkley
1448400,RP Yadav
1448401,CE Dean
1449011,T Brits
1449012,Muneeba Ali
1449013,A Dercksen
1449020,K Chigora
1449021,SA Wittmann
1449022,ER Oza
1449023,ER Oza
1449025,ER Oza
1449026,Theertha Satish
1449027,W Mwatile
1449301,SV Samson
1449302,T Stubbs
1449303,Tilak Varma
1449304,Tilak Varma
1450198,NP Dalgaard
1450199,P Sabu
1450200,MPM Pathirannehelage
1450202,L Holmgaard
1450204,SH Lawlor
1450462,V Ooko
1450463,B Murekatete
1450464,MD Bimenyimana
1450465,H Ishimwe
1450467,N Liyanage
1450468,A Mesarovic
1450751,Sami Sohail
1450752,R Baaleri
1450753,S Thakor
1450754,I Tchakou
1450755,MA Baig
1450757,R Baaleri
1450758,LS Barkania
1450759,SZ Vayani
1450760,Akhil Anil
1450761,Waseem Yaqoob
1450762,MA Baig
1450763,L Nyarko
1450764,BN Toube
1450765,K Juma
1450766,C Hinze
1450767,K Kadowaki-Fleming
1450768,J Tuffin
1450769,AN Hyobeom
1450770,AS Samra
1450771,S Ravichandran
1450772,K Kadowaki-Fleming
1450773,AS Samra
1450774,L Yamamoto-Lake
1450775,Anjar Tadarus
1450776,Gaurav Tiwari
1450777,K Kadowaki-Fleming
1450778,KDA Lukies
1450779,K Kadowaki-Fleming
1450817,Waseem Muhammad
1450818,SR Mukkamalla
1450819,AGS Gous
1450820,Asif Khan
1450821,Basil Hameed
1450822,Milind Kumar
1450823,Saad Bin Zafar
1450824,Gulsan Jha
1450825,Aqib Ilyas
1450826,Saad Bin Zafar
1451291,NH Berejo
1451292,NH Berejo
1451293,NH Berejo
1451294,A Davidson-Soler
1451303,A Chandel
1451304,Erika Oda
1451305,Vinu Kumar
1451306,S Ranade
1451307,H Iwasaki
1451308,Shanzeen Shahzad
1451311,M Hill
1451317,M Wai Siu
1451318,Mengting Liu
1451814,BA King
1451815,P Nissanka
1451816,BKG Mendis
1452624,L Bruce
1452625,N Advani
1453518,DS Airee
1453519,K Bhurtel
1453520,Aasif Sheikh
1453903,Kawsar Khan
1453909,P Baron
1453911,C Chatphaisan
1453912,Shaof Hassan
1453913,T Jamtsho
1453914,J Coetzee
1453915,AV Lazarus
1453916,RM Dorji
1453917,AP Yadav
1453918,Ibrahim Rizan
1453919,D Dawa
1453923,RR Patel
1453924,Yves Cyusa
1453925,RP Burl
1453926,F Damiao Couana
1453927,R Ngarava
1453929,SR Bhudia
1453930,SO Ngoche
1453931,F Damiao Couana
1453932,Sikandar Raza
1453933,F Damiao Couana
1453934,GM Muthui
1453935,Sikandar Raza
1454384,E Rukiriza
1454385,O Manishimwe
1454388,O Manishimwe
1454819,Hammad Mirza
1454820,SA Edwards
1454821,K Klein
1454935,A Mesarovic
1456013,RN Patel
1456121,MPP San
1456122,Zeefa Jilani
1456123,Mariamma Hyder
1456124,Zon Lin
1456125,Zon Lin
1456126,Zeefa Jilani
1456127,TT Soe
1456128,S Lita D'Sa
1456129,Priyada Murali
1456130,Zon Lin
1456441,KIC Asalanka
1456442,LH Ferguson
1456854,M Syrioti
1456858,KY Chan
1456859,TT Aung
1456860,Wang Huiying
1456861,KM Myat
1456862,Cai Yuzhi
1456863,M Wai Siu
1456864,ZL Thoon
1456865,Chan Ka Man
1456867,KD Kesuma
1456868,GA Priandana
1456869,Ahmad Ramdoni
1456870,Paing Danu
1456871,IK Gamantika
1456872,IK Gamantika
1457217,Mohammad Ahnaff
1457218,Waseem Muhammad
1457219,Abdul Waheed
1457220,J Coetzee
1457221,Amir Farooq
1457222,R Chopra
1457223,Muhammad Jawadullah
1457224,N Salekar
1457225,Waji Ul Hassan
1457226,Haider Butt
1457227,R Chopra
1457228,I Liyanage
1457230,Faisal Khan
1457231,N Salekar
1457232,Zain Ul Abidin
1457233,Rizwan Butt
1457234,Waseem Muhammad
1457235,GC Murtaza
1457236,Mohammad Ahnaff
1457350,Imran Anwar
1457351,Haider Butt
1457354,MD Bimenyimana
1457355,Q Abel
1457356,A Ikuzwe
1457357,Q Abel
1457358,MD Bimenyimana
1458414,L Paul
1458415,O Prendergast
1458416,L Delany
1459278,A Sharafu
1459374,V Balakrishnan
1459375,G Ngegba
1459376,R Abdulkareem
1459377,J Yon
1459378,A Turay
1459379,R Abdulkareem
1459380,A Turay
1459381,I Danladi
1459382,M Mooketsi
1459383,I Danladi
1459384,K Motlanka
1459385,R Sandeep
1459386,T Perera
1459387,Selim Salau
1459388,Adil Butt
1459891,JI Rodrigues
1459892,HK Matthews
1459893,RM Ghosh
1462850,N Chaiwai
1462851,M Hill
1462852,W Mwatile
1462853,O Kamchomphu
1462854,P Maya
1462855,KA Green
1462856,KY Chan
1462857,C Sutthiruang
1462858,S Tuhadeleni
1462860,S Tuhadeleni
1462877,Irfan Hafejee
1462878,M Taylor
1462880,Shoaib Rafiq
1462881,H Fennell
1462882,K Fubler
1462883,A Wright
1462884,TS Fray
1462885,Festus Benn
1462886,LH Rodrigues
1462887,ROC Dunka
1462888,XSD Smith
1462889,K Hinds
1462890,OGL Bascome
1462891,A Kirschbaum
1462892,YSD Seneveratne
1462893,Festus Benn
1462894,D Sabir
1462895,P Baron
1462896,Yasar Haroon
1462897,PK Mohanarangam
1462898,J Baker
1462899,DC Stovell
1462900,YSD Seneveratne
1462901,K Hinds
1462902,L Bonner
1462903,H Fennell
1462904,L Bonner
1462905,C Wright
1462907,Mahmud Jasat
1462908,Z Burgess
1462909,K Hinds
1462910,K Hardat
1462911,AAP Rivero
1462912,AR Ramjani
1462913,R Abdulkareem
1462914,M Badenhorst
1462915,C Kyewuta
1462916,IO Okpe
1462917,C Kyewuta
1462918,E Rukiriza
1462919,I Danladi
1462920,Sulaimon Runsewe
1462921,R Obuya
1462922,I Niyomugabo
1462923,AR Ramjani
1462924,O Manishimwe
1462925,H Ssenyondo
1462926,Jonte Smith
1462927,T Tshose
1462928,S Sesazi
1462930,F Nsubuga
1462931,Riazat Ali Shah
1462932,Riazat Ali Shah
1463008,Shahreeennawab
1463009,HMD Rasangika
1463010,Rizpha Bano
1463011,Shahreeennawab
1463652,Waseem Muhammad
1463653,MNM Aslam
1463654,Imran Anwar
1463655,Jatinder Singh
1463656,Waseem Muhammad
1463657,Usman Khalid
1463658,Haider Butt
1463659,T Suri
1463660,Sayed Monib
1463661,Mohammad Nadeem
1463662,Faisal Khan
1463663,SS Kang
1463664,Usman Najeeb
1463665,Muhammad Asim
1463666,Meet Bhavsar
1463667,Muhammad Jawadullah
1464722,CM Greechan
1464723,A Merritt
1464725,ZL Win
1464726,ZL Win
1464727,TT Soe
1464728,Zon Lin
1464730,E Ungerman
1464732,AR Valdez
1467705,T Munyonga
1468402,DJS Dottin
1468403,Q Joseph
1468404,J Glasgow
1468724,R Rijke
1468725,N Koncharoenkai
1468726,N Koncharoenkai
1468727,HDJ Siegers
1468728,T Putthawong
1468729,C Sutthiruang
1468730,SL Kalis
1468731,O Kamchomphu
1468732,IJR Zwilling
1470186,Abbas Ghani
1470187,M Simpson-Parker
1470188,Bilal Zalmai
1470189,Sheikh Rasik
1470190,M Simpson-Parker
1470191,Muhammad Saqlain
1471822,P Kurup
1471823,Imran Khan
1471824,PR Surve
1471825,Fiaz Ahmed
1471826,GA Priandana
1472516,E Lewis
1472520,MJ Owen
1472521,JP Inglis
1472522,TH David
1472523,GJ Maxwell
1472524,BJ Dwarshuis
1472525,Saim Ayub
1472526,JO Holder
1472527,Sahibzada Farhan
1472537,T Brits
1472538,HK Matthews
1472539,HK Matthews
1473145,SR Mukkamalla
1473146,MD Patel
1473147,Milind Kumar
1474260,Fiaz Ahmed
1474261,Sohail Ahmed
1474262,P Kurup
1474422,I Waqavakatoga
1474423,N Navaika
1474424,S Solman
1474426,O Lefaga
1474427,S Solman
1474429,J Sanele
1474981,Amarpal Kaur
1474982,NC Monteiro
1474983,RP Singh
1474984,M Lollo
1474985,AI Chudasama
1474986,TA Lavia
1474987,I Goordial-John
1474988,D Dhingra
1474990,AI Chudasama
1474991,CS Nascimento
1474992,C Prasad
1475525,Asif Ali
1475526,Asif Ali
1475527,Anshuman Rath
1475528,Sohail Ahmed
1475530,A Shukla
1475531,Imran Anwar
1476152,I Nakisuuyi
1476153,M Mwatile
1476154,Puja Mahato
1476155,M Bibi
1476156,S Akiteng
1476157,M Hill
1476158,Yasmeen Khan
1476159,Shanzeen Shahzad
1476160,KA Green
1476161,R Musamali
1476162,Samjhana Khadka
1476163,J Mbabazi
1476165,I Nakisuuyi
1476795,JJ Smit
1476797,JJ Smit
1476798,JN Loftie-Eaton
1476989,A Hunter
1476992,O Prendergast
1476993,R Stokell
1476994,Muneeba Ali
1477591,L Wolvaardt
1477592,F Tunnicliffe
1477597,K Reyneke
1477598,A Khaka
1477599,Fatima Sana
1477609,GF Linde
1477610,Q de Kock
1477611,G Motie
1477662,G Matome
1477663,Aminata Kamara
1477664,T Shadrack
1477665,L Mophakedi
1477666,Aminata Kamara
1477667,L Chipanga
1477668,E Kamara
1477669,Aminata Kamara
1477670,A Mokgotlhe
1477671,C Bull
1477672,O Mondlane
1477673,C Bull
1477674,AM Kamara
1477675,AL Mundundo
1477676,Viktoria Frey
1477677,Viktoria Frey
1477679,NLKWR Dewi
1477680,D Wulandari
1477681,ET Williams
1477682,A Vailoa
1478228,D Abeyrathna
1478229,C Greenshields
1478230,D Norotam
1478411,K Sequiera
1478412,AS Gorad
1478413,S Foo-Ryland
1478865,D Brevis
1478866,TB Robinson
1478867,DP Conway
1478868,RA Herman
1478869,TL Seifert
1478870,IS Sodhi
1478871,MJ Henry
1478898,TH David
1478899,D Brevis
1478900,GJ Maxwell
1478908,JR Hazlewood
1478909,Arshdeep Singh
1478910,AR Patel
1478912,A Reddy
1478913,G Voll
1478914,S Mandhana
1479320,K Bhurtel
1479321,MNM Aslam
1479322,K Bhurtel
1479323,Waqas Barkat
1479324,CV Anto
1479326,Anshuman Rath
1479327,A Chenthamara
1479576,HH Pandya
1479577,Q de Kock
1479578,Arshdeep Singh
1479580,HH Pandya
1479929,E Iloku
1479930,I Nakisuuyi
1479932,SA Wittmann
1479933,M Mwatile
1479934,J Mbabazi
1481295,D Panda
1481296,Ronitkumar Ahir
1481297,Ronitkumar Ahir
1481298,Kaushal Kumar
1481299,J Daley
1481300,Ronitkumar Ahir
1481301,D Ganesh
1481303,MD Patel
1481304,Kaleem Sana
1481305,MD Patel
1481306,D Sabir
1481307,Saad Bin Zafar
1481308,Ali Sheikh
1481309,Ali Nadeem
1481310,D Sabir
1481311,J Baker
1481312,NS Dhaliwal
1481313,Kaleem Sana
1481314,SR Mukkamalla
1481315,MD Patel
1481709,B Biza
1481710,L Tshuma
1481711,GC Bhogle
1482088,Hisham Sheikh
1482089,Virandeep Singh
1482091,Faisal Khan
1482092,Virandeep Singh
1482093,Manpreet Singh
1482094,Waji Ul Hassan
1482096,Virandeep Singh
1482097,Ishtiaq Ahmad
1482098,Faisal Khan
1482100,H Venkataram
1482101,Ahmed Aqeel
1482819,T Parima
1482820,S Ravichandran
1482821,J Coetzee
1482822,M Taniyama
1482825,AV Lazarus
1482826,S Ravichandran
1482828,VP Thamotharam
1482829,Arslan Amjad
1482830,P Pushparajan
1483063,S Dunukedeniya
1483065,D Koralalage
1483066,I Chathurani
1483067,I Chathurani
1483068,Likitha Yadav
1483069,A Rameshan
1483070,A Kohli
1483071,CM Gough
1483072,W Hornero-Garcia
1483073,JE Ronalds
1483731,Bilal Zalmai
1483732,Mansoor Shah
1483733,Walid Ghauri
1483734,Bilal Zalmai
1483735,Chaudhary Akram
1483736,Karanbir Singh
1483754,MD Botha
1483755,O Kamchomphu
1483756,S Laomi
1483757,Theertha Satish
1483758,Shanzeen Shahzad
1483759,S Laomi
1483760,P Maya
1483762,KC Thompson
1483763,K Kunwar
1483765,ER Oza
1483766,Priyada Murali
1483770,M Wai Siu
1483772,N Koncharoenkai
1483773,I Barma
1483775,D Wangmo
1483777,Ainna Hamizah Hashim
1483778,N Chantam
1483779,I Barma
1483785,Shadab Khan
1483786,Sahibzada Farhan
1483787,Mohammad Haris
1483788,Bilal Zalmai
1483789,Karanbir Singh
1483808,F Kuenburg
1483809,Meghna Rajan
1483810,Sejal Vinod
1483811,Meghna Rajan
1483941,J Gunasekar
1483942,PE Mendonca
1483943,J Gunasekar
1484051,Parvez Hossain Emon
1484052,Waseem Muhammad
1485343,C Potgieter
1485344,U Shantu
1485345,SP Gomes
1485346,Iftikhar Kankhel
1485347,SP Gomes
1485348,OJ Herrington
1485406,KY Chan
1485407,Ma Ruike
1485409,Mengting Liu
1485410,A Kato-Stafford
1485411,ABY Smith
1485412,A Fujikawa
1485413,Y Daswani
1485414,Mengting Liu
1485415,E Toguchi-Quinn
1485508,BKG Mendis
1485509,Liton Das
1485510,Mahedi Hasan
1485778,N Koncharoenkai
1485938,FDW McCreath
1485939,ZB Lion-Cachet
1485940,S Lamichhane
1485941,M Levitt
1485942,M Levitt
1485943,HG Munsey
1486088,D Nanayakkara
1486089,Eman Asim
1486090,EL Bartram
1486091,CM Gough
1486092,JE Ronalds
1486093,L Barnett
1486094,A Aikenhead
1486095,D Nanayakkara
1486096,C Piparo
1486097,NH Berejo
1486098,JE Ronalds
1486099,T Smith
1486100,M Rathnayake
1486101,GMK Jayaweera
1486102,S Kolcharam
1486224,Murid Ekrami
1486225,Aqib Iqbal
1486227,Izaz Ali
1486228,Mansoor Safi
1486582,A Sharafu
1486784,H Deshan
1486785,Karanbir Singh
1486786,V Ravindran
1486787,Ali Nawaz
1486788,V Ravindran
1486790,BM Pecic
1486791,WAE Burton
1487631,Khalid Niazi
1487632,Sheraz Sirwari
1487652,B de Leede
1487653,HDJ Siegers
1487654,SL Kalis
1487655,IJR Zwilling
1487658,MPM Pathirannehelage
1487660,YS Blagg
1487661,AM Zepeda
1487693,MD Bimenyimana
1487695,NJ Pius
1487696,M Ribeiro
1487697,H Ishimwe
1487698,S Nampiina
1487699,RMAM Avery
1487700,NJ Pius
1487702,MFD Douma
1487703,H Ishimwe
1487704,U Peace
1487706,K Amuge
1487707,LL Dimba
1487708,A Ikuzwe
1487709,J Mbabazi
1487710,E Kamara
1487712,MK Amusa
1487713,S Nampiina
1487714,FO Kibasu
1487715,MK Amusa
1487717,J Mbabazi
1487720,Rosine Irera
1487721,A Akhigbe
1487722,AS Qwele
1487723,AC Sabino
1487725,FO Kibasu
1487726,H Ishimwe
1487728,LV Boas
1487729,AS Qwele
1487731,S Tino
1487814,NA Greenwood
1487815,CW Perchard
1487824,R Trumpelmann
1488319,M Chadha
1488320,Luqman Butt
1488321,M Chadha
1488324,GC Murtaza
1488325,US Hathinjar
1488326,H Thaker
1488327,J Baker
1488328,K Tathgur
1488329,OGL Bascome
1488330,Jonte Smith
1488331,YS Samra
1488332,DMW Rawlins
1488333,DS Bajwa
1488334,Kaleem Sana
1488335,RA Sealy
1488336,J Baker
1488338,S Thanikaithasan
1488339,Amjad Sher
1488340,Samiullah Rahmani
1488341,Walid Ghauri
1488342,Imal Zuwak
1488343,Khizer Ahmed
1489041,ABY Smith
1489043,I Toua
1489044,P Siaka
1489045,R Ova
1489046,I Toua
1489047,HJ Thomas
1489581,M Taylor
1489582,D Sabir
1489584,DMW Rawlins
1489585,Pargat Singh
1489968,RK Paudel
1489969,Aasif Sheikh
1489970,RR Simmonds
1490226,NK Ariani
1490227,NLKWR Dewi
1490234,Abhishek Sharma
1490235,Ishan Kishan
1490236,JJ Bumrah
1490237,TL Seifert
1490238,Ishan Kishan
1490239,DJ Hawoe
1490471,SA Edwards
1490472,J Mosca
1490475,H Carlyon
1490476,CN Greaves
1490477,HJ Manenti
1490478,MP O'Dowd
1490479,NA Greenwood
1490480,RE van der Merwe
1490854,Ezgi Nur Kilic
1490855,N Nojic
1490856,G Keles
1490857,A Makri
1490858,M Syrioti
1490859,S Yildirim
1490860,S Galabova
1490861,G Cengiz
1490870,AS Samra
1490871,ASF Sirah
1490872,F Banunaek
1490873,GA Priandana
1490874,BI Dilruksha
1490875,Anjar Tadarus
1490876,KD Kesuma
1490877,M Podosky
1490878,Kuldeep Gurjar
1490879,A Donovan
1490880,N Tanner
1490881,JMJ Lynn
1490882,Mehboob Ali
1490884,Muhammad Muneeb
1490885,Karanbir Singh
1490886,Sheraz Sheikh
1490887,V Saini
1490888,Karanbir Singh
1490889,Mehboob Ali
1490890,Ibrar Ahmad
1491604,M Raikes
1491605,M Gogev
1491606,M Raikes
1491607,Jakob Gul
1491608,Muhammad Fahad
1491609,PA Raikes
1491610,P Mishra
1491699,AC Kerr
1491700,IC Gaze
1491701,NH Patel
1491714,MR Marsh
1491716,MR Marsh
1491718,HC Brook
1491723,RL Chase
1491724,MS Chapman
1491725,IS Sodhi
1491727,JA Duffy
1491903,Parvez Hossain Emon
1491904,Jaker Ali
1491905,Sahibzada Farhan
1492823,PHKD Mendis
1492824,Sikandar Raza
1492825,K Mishara
1492879,Arun Yadav
1492880,Shahid Afridi
1492881,Fiaz Ahmed
1492883,Musaddiq Ahmed
1492884,Abdul Majid Abbasi
1492887,Imran Anwar
1492888,A Limdawala
1492889,Rizwan Butt
1492890,A Augastin
1492891,Musaddiq Ahmed
1492892,SA Jumbe
1494090,Virandeep Singh
1494091,H Venkataram
1494092,S Vijay Unni
1494093,Zeeshan Ali
1494094,Anshuman Rath
1494095,Arif Ullah
1494096,Virandeep Singh
1494097,G Gune
1494098,D Visser
1494099,Virandeep Singh
1494100,Ahmed Faiz
1494101,Yasim Murtaza
1494102,Syed Aziz
1494103,F Nsubuga
1494108,AR Ramjani
1494110,Zuhaib Zubair
1494111,AR Ramjani
1494113,Ethan D'Souza
1494114,DM Nakrani
1494115,Vraj Patel
1494116,R Obuya
1494118,Zuhaib Zubair
1494124,MD Bimenyimana
1494125,L Mophakedi
1494126,E Kabwere
1494127,L Bull
1494128,G Matome
1494129,H Ishimwe
1494130,E Kamara
1494131,E Guehoada
1494132,F Malefula
1494133,C Magaia
1494134,E Kamara
1494135,Rosine Irera
1494136,E Guehoada
1494137,H Ishimwe
1494138,R Haiong
1494139,Aminata Kamara
1494140,A Mokgotlhe
1494141,MA Nyabela
1494142,O Ranedoumoun
1494143,G Ishimwe
1494577,S Sheridan
1494578,F Kuenburg
1494579,Meghna Rajan
1494580,M Valner
1494581,S Dabholkatr
1494583,SG Mangela
1494766,Faisal Khan
1494767,MM Baig
1494768,MM Baig
1494769,Ishtiaq Ahmad
1494771,S Gooch
1494772,MB Tambe
1494773,Ashwin Vinod
1494774,Faheem Nazir
1494775,H Deshan
1495453,Asif Ali
1495454,Asif Ali
1495455,D Gumyusenge
1495456,Asif Ali
1495457,Imran Anwar
1495458,D Ndikubwimana
1495459,Asif Ali
1495460,Sami Sohail
1495462,Ali Dawood
1495463,P Kurup
1495464,Sami Sohail
1495465,Asif Ali
1495654,Bilal Zalmai
1495655,M Koli
1495656,Muhammad Saqlain
1495657,V Saini
1495658,Karanbir Singh
1495659,Bilal Zalmai
1496821,Bilal Zalmai
1496822,Ibrahim Rahimi
1496823,Walid Ghauri
1496824,Jamshid Nasiri
1496825,Imal Zuwak
1496826,Bilal Zalmai
1496828,R Mazumder
1496829,Waqar Ali
1496830,S Austin
1496831,Adam Senn
1496921,Kuldeep Yadav
1496922,Liton Das
1496923,Mohammad Haris
1496924,K Mishara
1496925,Kuldeep Yadav
1496926,A Sharafu
1496927,P Nissanka
1496929,Shaheen Shah Afridi
1496931,SV Samson
1496932,Saif Hassan
1496933,Abhishek Sharma
1496934,Hussain Talat
1496935,Abhishek Sharma
1496936,Shaheen Shah Afridi
1496937,P Nissanka
1496938,Tilak Varma
1497874,Saim Ayub
1497877,Abrar Ahmed
1498191,Saeed Ahmed
1498192,Ibrahim Rahimi
1498203,Shafina Mahesh
1498204,LAR Bommareddy
1498205,Shafina Mahesh
1498206,B de Leede
1498207,L Delany
1498208,GH Lewis
1498209,EL Bartram
1498210,AN Kelly
1498211,HDJ Siegers
1498212,A Hunter
1498213,IJR Zwilling
1498214,Ilenia Sims
1498215,AN Kelly
1498217,L Delany
1498662,Taskin Ahmed
1498663,Nasum Ahmed
1498696,Aqib Iqbal
1498697,Karanbir Singh
1498698,Ranjit Singh
1498699,Aqib Iqbal
1498707,L Piety
1498708,MD Bimenyimana
1498709,B Biza
1498710,E Iloku
1498711,N Gwanzura
1498712,MI Khagoitsa
1498713,Yasmeen Khan
1498714,I Nakisuuyi
1498715,HM Omary
1498716,KA Green
1498717,J Mbabazi
1498718,J Nkomo
1498719,N Gwanzura
1498720,MI Khagoitsa
1498721,M Mwatile
1498722,G Ishimwe
1498723,NN Saidi
1498724,L Piety
1498725,H Ishimwe
1498726,K Ndlovu
1499011,Sazib Bhuiyan
1499012,Avishka Iroshan
1499013,Rameez Khan
1499014,Divyendra Singh
1499021,W Hornero-Garcia
1499022,Kanchan Rana
1499023,Mirab Razwan
1499024,A Vaidya
1499025,D Unhale
1499026,JE Ronalds
1499027,NP Dalgaard
1499028,JE Ronalds
1499029,Rameesha Shahid
1499781,C Lokuge
1499782,C Lokuge
1499783,M Valner
1499784,S Vuni
1499785,K Oala
1499786,R Andrew
1499787,T Iosefo
1499788,M Yanagida
1499789,NPAN Sakarini
1499790,K Oala
1499791,ZP Ikiua
1499792,NLKWR Dewi
1499794,V Mansale
1499795,RSM Lili'i
1499796,RSM Lili'i
1499797,MT Waqanisau
1499798,B Tau
1499799,R Andrew
1499800,I Waqavakatoga
1499801,KK Donovan
1499802,M Corazon
1499803,N Vare
1500864,Meghna Rajan
1500866,AM Zepeda
1500867,GEM Brealey
1500868,Meghna Rajan
1501502,M Khojbariya
1501503,Adil Butt
1501504,Adil Butt
1501505,Adil Butt
1501895,GF Linde
1501896,Salman Mirza
1501897,Babar Azam
1502048,Mohammad Nawaz
1502049,Sikandar Raza
1502050,Mohammad Nawaz
1502051,Usman Tariq
1502052,P Nissanka
1502053,PVD Chameera
1502054,Mohammad Nawaz
1502164,BJ Bennett
1502165,BJ Bennett
1502166,JN Frylinck
1502743,JJ Smit
1502744,R Abdulkareem
1502745,BJ Bennett
1502746,Arun Yadav
1502747,JN Frylinck
1502748,K Juma
1502749,BRM Taylor
1502750,Sami Sohail
1502754,SR Bhudia
1502755,JJ Smit
1502756,Joshua Asia
1502757,BJ Bennett
1502758,SL Verma
1502759,DM Gondaria
1502760,MA Baig
1502761,Riazat Ali Shah
1502762,T Marumani
1503450,Shah Faisal
1503451,Muhammad Rohid
1503452,K Bhurtel
1503453,Zubair Ali
1503454,Esam Rahman
1503455,SM Solia
1503456,Waseem Muhammad
1503457,Gulsan Jha
1503458,V Shukla
1503459,Jatinder Singh
1503460,DS Airee
1503461,I Takahashi
1503462,Nadeem Khan
1503463,S Lamichhane
1503464,Shariq Munir
1503465,Muhammad Farooq
1503466,K Bhurtel
1503467,Haider Ali
1503468,Muhammad Asim
1503469,Sufyan Mehmood
1503470,Aasif Sheikh
1503565,ER Oza
1503566,H Hotchandani
1504941,Mohammad Nadeem
1505114,Nur Dania Syuhada
1505115,Puja Mahato
1505116,Ainna Hamizah Hashim
1505117,K Kunwar
1505118,R Airee
1505125,R Powell
1505126,R Shepherd
1505127,RL Chase
1506014,MJ Humphreys
1506015,Liton Das
1506016,Tanzid Hasan
1506181,RL Blake
1506182,S Ozkunduz
1506183,P Sabu
1506184,H Celik
1506185,RL Blake
1506186,Prachi Kumari
1506187,P Sabu
1506188,RL Blake
1506189,VB Viyala
1506190,R Immadi
1506436,SFS Cheema
1506437,Md Ariyan
1506438,Baseer Khan
1506439,Bilal Zalmai
1506440,Taranjit Singh
1506442,Zeerak Chughtai
1506443,M Gogev
1506444,Waqar Ali
1506445,R Mazumder
1506446,Waqar Ali
1506664,K Amuge
1506665,I Nakisuuyi
1506666,K Amuge
1506667,R Musamali
1506668,NJ Amongin
1506670,NJ Pius
1506671,A Perera
1507719,AU Rashid
1507720,T Banton
1507721,SM Curran
1508269,GA Priandana
1508270,DGAPD Wiswi
1508271,H Lin Oo
1508273,Nyeing Cham Soe
1508275,GD Arta
1508276,J Dzulfikar
1508277,H Lin Oo
1508278,GD Arta
1508279,GA Priandana
1508280,Yahya Suhail
1509859,Wasim Ali
1510178,Asif Ali
1510179,Asif Ali
1510180,Ali Dawood
1510279,DEM Carter
1510280,O Kamchomphu
1510281,M Tom
1510282,R Slater
1510283,R Slater
1510284,N Chantam
1510285,S Laomi
1510286,Theertha Satish
1510287,S Mtae
1510288,DEM Carter
1510289,SL Kalis
1510290,P Siaka
1510291,L Visser
1510292,DEM Carter
1510293,IJR Zwilling
1510294,J Mbabazi
1510295,DEM Carter
1510296,S Chaturongrattana
1510297,S Chaturongrattana
1510298,ER Oza
1510299,K Fraser
1510300,HJ Thomas
1510301,Vaishnave Mahesh
1510302,T Putthawong
1510303,F Overdijk
1510304,C Abel
1510305,Vaishnave Mahesh
1510306,I Nakisuuyi
1510307,P Siaka
1510308,SL Kalis
1510309,R Rijke
1510310,ER Oza
1510311,T Putthawong
1510313,Zon Lin
1510314,Zon Lin
1510315,Zon Lin
1510724,MM Baig
1510725,Zeeshan Ali
1511993,Lucas Rossi
1511996,Lucas Rossi
1511999,Syed Aziz
1512002,Asif Javed
1512719,Faheem Ashraf
1512720,SO Hetmyer
1512721,SA Yadav
1512723,WG Jacks
1512724,PHKD Mendis
1512725,MA Leask
1512726,B Muzarabani
1512727,L Ngidi
1512728,BFW de Leede
1512729,TL Seifert
1512730,Sahibzada Farhan
1512732,NT Ellis
1512733,SE Rutherford
1512734,P Rathnayake
1512735,CJPF Kalugamage
1512736,HH Pandya
1512737,B Muzarabani
1512738,Junaid Siddique
1512739,Harmeet Singh
1512740,L Tucker
1512741,T Banton
1512742,M Jansen
1512743,JO Holder
1512744,SP Krishnamurthi
1512745,Ishan Kishan
1512747,WG Jacks
1512748,P Nissanka
1512749,GD Phillips
1512751,DS Airee
1512752,C Bosch
1512753,Sahibzada Farhan
1512754,S Dube
1512755,SD Hope
1512756,Sikandar Raza
1512758,A Zampa
1512760,WG Jacks
1512761,DA Miller
1512762,SO Hetmyer
1512763,HC Brook
1512764,R Ravindra
1512765,AK Markram
1512766,HH Pandya
1512767,WG Jacks
1512768,Sahibzada Farhan
1512769,Sikandar Raza
1512770,SV Samson
1512771,FH Allen
1512772,SV Samson
1512773,JJ Bumrah
1513086,P Useni
1513087,Muhammad Nadir
1513088,Z Bimenyimana
1513089,I Danladi
1513090,Jakir Patel
1513091,Ali Rahmon
1513092,E Rukiriza
1513093,E Rukiriza
1513094,IO Okpe
1513095,D Ndikubwimana
1513096,Ayaz Dadabhai
1513097,JV Chand
1513099,Imran Khan
1513100,Ali Dawood
1513101,Sohail Ahmed
1513102,Ali Dawood
1513297,P Useni
1513298,I Danladi
1513299,SA Okpe
1513300,D Ndikubwimana
1513301,Selim Salau
1513302,AB Kamara
1513303,Soyeb Pendi
1513304,Sulaimon Runsewe
1513735,JI Rodrigues
1513736,Shafali Verma
1513737,Renuka Singh
1513738,S Mandhana
1513739,H Kaur
1514473,Yasir Ali
1514474,Mohammad Kamran
1514475,Mohammad Atif
1514476,Mohammad Ihsan
1514477,LA Burns
1514480,Shadab Khan
1514482,PWH de Silva
1514510,J Gunasekar
1514513,J Gunasekar
1514514,Zeefa Jilani
1514515,ER Oza
1514516,HMD Rasangika
1514517,Rinitha Rajith
1514518,J Gunasekar
1514519,Zeefa Jilani
1514520,N Joshi
1514521,Aysha
1514522,MD Botha
1514523,Aysha
1514524,S Dharnidharka
1514525,PE Mendonca
1514526,Maryam Omar
1514527,ER Oza
1514528,J Gunasekar
1515010,S Yeshi
1515011,Namgay Thinley
1515012,S Yeshi
1515013,RM Dorji
1515014,Tenjin Rabgey
1515208,C Chatonzwa
1515209,Sharmin Akhter
1515210,O Prendergast
1515211,N Chantam
1515212,Shorna Akter
1515213,N Koncharoenkai
1515214,SL Kalis
1515215,E Claridge
1515216,L Paul
1515217,I van der Woning
1515218,Sanjida Akter Meghla
1515219,KE Bryce
1515220,SJ Bryce
1515221,H Doriga
1515222,Puja Mahato
1515223,Sharmin Akhter
1515224,PA Chatterji
1515225,L Shetty
1515226,O Prendergast
1515227,I van der Woning
1515228,KE Bryce
1515229,S Mostary
1515230,HDJ Siegers
1515231,Nigar Sultana
1515232,O Prendergast
1515233,TG Norris
1515234,AN Kelly
1515235,Nahida Akter
1515236,DEM Carter
1515542,KD Kesuma
1515543,Marcelle Hanekom
1515544,Anjar Tadarus
1515545,IK Gamantika
1515547,AA Rahayu
1515548,GA Priandana
1515549,R Ramadhasyena
1519139,GJ Delany
1519140,C Campher
1519145,A Gurung
1519146,NT Miles
1519147,KY Chan
1519148,N Choden
1519149,Ruchitha Venkatesh
1519150,NT Miles
1519151,Sonam
1519152,NT Miles
1519636,Saim Ayub
1519637,Agha Salman
1519638,Mohammad Nawaz
1520970,J Gunasekar
1520971,Javed Hina
1520972,J Gunasekar
1520973,PE Mendonca
1522068,N Koncharoenkai
1522985,J Gunasekar
1522986,S Krisheta
1522987,J Gunasekar
1522988,G Candiru
1522994,I Liyanage
1522995,Zubair Ali
1522996,Asif Ali
1522997,Shariq Munir
1522998,K Kadowaki-Fleming
1522999,Ali Dawood
1523000,AV Lazarus
1523001,Abhishek Anand
1523002,D Suzuki
1523003,Sohail Ahmed
1523004,T Jamtsho
1523005,Ali Dawood
1523982,AC Jayangani
1523983,GWHM Perera
1525159,Anshuman Rath
1525160,Yasim Murtaza
1525162,MNM Aslam
1525166,C Wright
1525167,Gurpreet Singh
1525168,P Baron
1525169,R Edwards
1525170,YSD Seneveratne
1525171,A Kirschbaum
1525172,RA Sealy
1525173,Lucas Rossi
1527157,Syed Aziz
1527158,Sohail Ahmed
1527159,Imran Khan
1527277,D Maisuria
1527278,B Khumalo
1527279,D Maisuria
211028,KP Pietersen
211048,RT Ponting
222678,JS Patel
225263,Shahid Afridi
225271,ST Jayasuriya
226374,DR Martyn
237242,DR Smith
238195,GC Smith
249227,CL White
251487,ST Jayasuriya
251488,JEC Franklin
255954,KD Karthik
258463,PD Collingwood
258464,OA Shah
287853,CH Gayle
287854,MR Gillespie
287855,Shahid Afridi
287856,BRM Taylor
287857,Mohammad Ashraful
287858,KP Pietersen
287860,ST Jayasuriya
287861,NW Bracken
287862,Mohammad Asif
287863,ST Jayasuriya
287864,M Morkel
287865,DL Vettori
287866,B Lee
287867,JA Morkel
287868,Younis Khan
287869,CD McMillan
287870,Misbah-ul-Haq
287871,CRD Fernando
287872,JM Kemp
287873,Yuvraj Singh
287874,SR Clark
287875,Junaid Siddique
287876,RG Sharma
287877,Umar Gul
287878,Yuvraj Singh
287879,IK Pathan
291343,A Symonds
291356,MJ Clarke
296903,IR Bell
297800,G Gambhir
298795,AB de Villiers
298804,SM Pollock
300435,AD Mascarenhas
300436,PD Collingwood
306987,Nazimuddin
306989,Imran Nazir
306991,Younis Khan
319112,JE Taylor
319142,XM Marshall
343764,Misbah-ul-Haq
350347,Abdur Razzak
350475,DJ Hussey
350476,RE van der Merwe
351694,DA Warner
351695,MEK Hussey
351696,NW Bracken
352674,RR Sarwan
354456,JD Nel
355988,AL Watkins
355989,SC Taylor
355991,TN de Grooth
355992,IG Butler
355993,CH Gayle
355994,PP Ojha
355995,AB de Villiers
355996,LJ Wright
355997,NJ O'Brien
355998,KC Sangakkara
355999,Kamran Akmal
356000,RE van der Merwe
356001,Z Khan
356002,ST Jayasuriya
356003,AJ Redmond
356004,JH Kallis
356005,TM Dilshan
356006,DJ Bravo
356007,WD Parnell
356008,Umar Gul
356009,DPMD Jayawardene
356010,RJ Sidebottom
356011,RR Sarwan
356012,Kamran Akmal
356013,BAW Mendis
356014,AB de Villiers
356015,Shahid Afridi
356016,TM Dilshan
356017,Shahid Afridi
361530,AC Botha
361531,RN ten Doeschate
361656,Shoaib Malik
361660,ST Jayasuriya
366622,BB McCullum
366707,CH Gayle
366708,JD Ryder
386494,BB McCullum
386535,YK Pathan
387563,EJG Morgan
387564,LE Bosman
391794,S Nitschke
392615,Shahid Afridi
392615,Umar Gul
401076,DJG Sammy
403375,Shahid Afridi
403385,DL Vettori
403386,JD Ryder
406197,SW Tait
406198,DA Warner
406207,SW Tait
412677,DJG Sammy
412678,NL McCullum
412680,Salman Butt
412682,SK Raina
412683,SR Watson
412684,NL McCullum
412685,DJG Sammy
412686,DPMD Jayawardene
412688,MEK Hussey
412689,KP Pietersen
412690,JA Morkel
412691,DA Warner
412692,DPMD Jayawardene
412693,IG Butler
412694,KP Pietersen
412695,CH Gayle
412696,CL White
412697,Umar Akmal
412698,TT Bresnan
412699,AD Mathews
412700,SPD Smith
412701,SCJ Broad
412702,MEK Hussey
412703,C Kieswetter
412716,AJ Blackwell
412717,SJ McGlashan
412718,EA Perry
423391,DJS Dottin
423782,DL Vettori
423787,MG Johnson
423788,BB McCullum
426392,Umar Akmal
426393,Mohammad Amir
426417,MH Yardy
426418,TT Bresnan
426723,Imran Nazir
426724,Umar Akmal
430884,KC Sangakkara
430885,Yuvraj Singh
439139,AG Cremer
439146,R McLaren
439497,B Zuiderent
439499,AA Obanda
439505,DT Johnston
439510,AR Cusack
440945,EJG Morgan
440946,Abdul Razzaq
446956,S Randiv
446960,SR Watson
446961,AJ Finch
447539,J Botha
452153,YK Pathan
452154,SK Raina
456991,SB Styris
456992,KMDN Kulasekara
461565,J Theron
463141,GC Smith
463142,JP Duminy
463149,RG Sharma
473918,TG Southee
473919,NL McCullum
473920,Abdul Razzaq
474466,DPMD Jayawardene
474476,JW Dernbach
476947,SJ Coyte
478279,JP Duminy
489212,D Bishoo
489220,S Badrinath
492547,SC Taylor
514023,SR Watson
514024,J Theron
516204,TM Dilshan
516205,BAW Mendis
518954,MS Wade
518955,RA Jadeja
520595,MJ Guptill
520596,JEC Franklin
520597,MJ Guptill
520598,RE Levi
520599,J Botha
521217,KP Pietersen
523735,Mohammad Hafeez
523736,Mohammad Hafeez
525816,RS Bopara
525817,GE Mathurin
527012,BB McCullum
527013,MJ Guptill
527688,A Shrubsole
527689,LA Marsh
527690,JL Gunn
530432,Aizaz Cheema
531635,Umar Gul
531636,JM Bairstow
531637,KP Pietersen
531982,Mushfiqur Rahim
533272,BAW Mendis
533273,SR Watson
533275,JH Kallis
533276,BB McCullum
533278,AB de Villiers
533279,SR Watson
533280,Nasir Jamshed
533281,Harbhajan Singh
533283,Imran Nazir
533284,TM Dilshan
533285,J Charles
533286,Umar Gul
533287,SR Watson
533288,LJ Wright
533289,DPMD Jayawardene
533290,SR Watson
533291,V Kohli
533292,SP Narine
533293,SL Malinga
533294,Raza Hasan
533295,Yuvraj Singh
533296,DPMD Jayawardene
533297,CH Gayle
533298,MN Samuels
533299,T Chetty
533300,DJS Dottin
533301,LA Marsh
533302,EA Osborne
533303,SFM Devine
533304,CR Seneviratna
533305,JE Cameron
533306,CM Edwards
533307,SR Taylor
533308,SJ McGlashan
533309,Nida Dar
533310,SJ Taylor
533311,CM Edwards
533312,EA Perry
533313,JE Cameron
534208,AD Hales
534233,DW Steyn
534235,JC Buttler
538068,Mohammad Hafeez
540173,SR Watson
540174,DR Smith
542850,SJ Taylor
542851,SJ Taylor
543883,GH Dockrell
543884,PR Stirling
543885,SO Ngoche
546410,Mudassar Bukhari
546414,WB Rankin
546442,EC Joyce
546462,PR Stirling
546470,KJ O'Brien
546473,RD Berrington
551593,LA Marsh
551594,SJ Taylor
551595,A Brindle
551596,LS Greenway
551597,DJS Dottin
556252,CA Ingram
560921,CH Gayle
560922,SP Narine
562437,NLTC Perera
562438,Shahid Afridi
564786,IK Pathan
565810,Yuvraj Singh
565811,EJG Morgan
565820,BB McCullum
565844,A Shrubsole
565845,DN Wyatt
566926,HD Rutherford
566937,AJ Finch
566938,AD Hales
567071,Elias Sunny
567353,RK Kleinveldt
567354,MJ Guptill
567355,H Davids
567367,Mohammad Hafeez
569237,SCJ Broad
569238,BB McCullum
569239,AD Hales
571148,Mohammad Hafeez
571149,Saeed Ajmal
571150,DA Warner
573019,DA Warner
573020,NLTC Perera
573027,KA Pollard
584772,E Bisht
584923,Salma Khatun
584924,M Raj
584928,Nida Dar
584929,PG Raut
587476,MN Samuels
588498,DJS Dottin
588499,SF Daley
589306,Mohammad Hafeez
589307,Yuvraj Singh
592268,Junaid Siddiqui
592269,CO Obuya
593726,SJ Taylor
593727,LS Greenway
593728,KH Brunt
593986,LMP Simmons
593987,S Badree
602477,MDKJ Perera
623571,H Masakadza
623572,Shakib Al Hasan
627008,SJ Taylor
627009,Sana Mir
635658,JP Duminy
635659,DA Miller
635660,TM Dilshan
636164,CL White
636165,JR Hazlewood
636166,GJ Bailey
636536,MN Samuels
636537,K Santokie
636538,CJ Jordan
640947,Sadia Yousuf
645645,Shahid Afridi
645647,Umar Akmal
647247,Yuvraj Singh
648681,BJ Hodge
648683,MA Starc
649101,DW Steyn
649103,F du Plessis
657633,Shahid Afridi
657635,MDKJ Perera
659545,Ahmed Shehzad
659547,Ahmed Shehzad
660113,A Bagai
660149,RG Aga
660173,RML Taylor
660185,Mudassar Bukhari
660209,SO Tikolo
660223,W Barresi
661695,L Ronchi
661697,L Ronchi
664293,M Kapp
664295,M du Preez
666047,HL Ferling
666049,RM Farrell
667731,EJG Morgan
667887,NLTC Perera
668515,HML Madushani
668517,HASD Siriwardene
668519,S Loubser
668959,C Munro
668969,MDKJ Perera
682899,SP Gauchan
682901,PR Stirling
682903,TLW Cooper
682907,Al-Amin Hossain
682909,BRM Taylor
682911,EC Joyce
682915,Nadeem Ahmed
682917,E Chigumbura
682919,SJ Myburgh
682921,A Mishra
682923,MDKJ Perera
682925,CJ Anderson
682927,Umar Akmal
682929,A Mishra
682931,JP Duminy
682933,AD Mathews
682935,DR Smith
682937,Imran Tahir
682939,AD Hales
682941,DJG Sammy
682943,R Ashwin
682945,BB McCullum
682947,AB de Villiers
682949,Ahmed Shehzad
682951,R Ashwin
682953,Mudassar Bukhari
682955,HMRKB Herath
682957,AJ Finch
682959,DJ Bravo
682961,AD Mathews
682963,V Kohli
682965,KC Sangakkara
682967,NJ Browne
682971,DJS Dottin
682973,KDU Prabodhani
682975,SW Bates
682979,SL Quintyne
682981,A Shrubsole
682985,SW Bates
682989,SF Daley
682991,CL Tryon
682993,EJ Villani
682995,H Kaur
682997,A Shrubsole
682999,Bismah Maroof
683001,M du Preez
683003,Rumana Ahmed
683005,PG Raut
683007,RH Priest
683009,Soniya Dabir
683011,EA Osborne
683013,A Shrubsole
683015,SJ Coyte
685727,Q de Kock
685729,Mohammad Hafeez
690351,MDKJ Perera
690353,NLTC Perera
693433,CM Edwards
693435,CM Edwards
693437,L Winfield
698983,Nain Abidi
698985,IMHC Joyce
698987,L Lee
698995,Javeria Khan
702141,EC Joyce
702143,DJG Sammy
718465,Bismah Maroof
718467,Panna Ghosh
722335,CH Gayle
722337,CH Gayle
727917,GJ Maxwell
730283,ADS Fletcher
730285,ADS Fletcher
736063,MN van Wyk
742617,Sarfraz Ahmed
743953,JE Root
743975,MM Ali
754039,AP Devcich
754717,RR Rossouw
754719,CJ Boyce
754721,CL White
754793,EA Osborne
754795,DM Kimmince
754797,EJ Villani
754799,MM Lanning
754801,JL Jonassen
754805,SR Taylor
757511,HASD Siriwardene
757513,D van Niekerk
757515,D van Niekerk
798377,SJ Taylor
798379,RM Farrell
798381,NR Sciver
800479,Imran Tahir
800481,AB de Villiers
802327,Aizaz Khan
808869,Sana Mir
808871,AC Jayangani
817203,F du Plessis
817205,E Leie
828247,Asmavia Iqbal
828249,Asmavia Iqbal
828251,D van Niekerk
848839,AM Phangiso
848841,MJ Guptill
856117,SS Weerakkody
856119,SR Taylor
856121,HK Matthews
858491,Sabbir Rahman
860279,Sohail Tanvir
860281,Anwar Ali
868723,Mukhtar Ahmed
868725,Mukhtar Ahmed
875457,HG Munsey
875471,AC Evans
875481,RE van der Merwe
875491,KJ O'Brien
875501,N Vanua
875507,Haseeb Amjad
875513,A Vala
875521,Irfan Ahmed
875549,RML Taylor
875553,Mudassar Bukhari
881755,Rumana Ahmed
884347,DA Miller
884349,DA Warner
884351,HM Amla
885969,AR Patel
885971,CJ Chibhabha
892043,DJS Dottin
894293,GH Worker
895789,J Goswami
895791,EA Perry
895817,V Kohli
895819,V Kohli
895821,SR Watson
902649,SW Billings
902651,LE Plunkett
902653,Shoaib Malik
903587,JP Duminy
903589,JA Morkel
907381,SJ Taylor
907385,SJ Taylor
907395,S Ismail
907399,L Lee
913633,JC Buttler
913663,Wahab Riaz
914217,TA Boult
914219,C Munro
914221,Shahid Afridi
914223,MJ Guptill
914225,CJ Anderson
915783,SMSM Senanayake
915785,DJ Bravo
919603,Imad Wasim
919605,Umar Akmal
923321,Bismah Maroof
923323,Bismah Maroof
931396,MN Waller
931398,N Madziva
936153,L Ngidi
936155,AD Mathews
936157,N Dickwella
946551,TT Beaumont
946553,FC Wilson
946555,L Winfield
951305,V Sibanda
951309,Tamim Iqbal
951311,Amir Ali
951313,WP Masakadza
951323,MW Machan
951325,PA van Meekeren
951327,Tamim Iqbal
951329,MJ Santner
951331,CH Gayle
951333,Shahid Afridi
951337,MJ McClenaghan
951339,JE Root
951341,V Kohli
951345,ADS Fletcher
951347,A Zampa
951349,MJ Guptill
951353,R Ashwin
951355,JP Faulkner
951357,MN Samuels
951359,KS Williamson
951361,JC Buttler
951363,V Kohli
951367,AM Phangiso
951369,JJ Roy
951371,LMP Simmons
951373,MN Samuels
951375,H Kaur
951377,SW Bates
951379,Anam Amin
951381,CM Edwards
951383,SW Bates
951385,MM Lanning
951387,Anam Amin
951389,SR Taylor
951391,CJ Metcalfe
951393,LM Kasperek
951395,HC Knight
951397,S Luus
951399,TT Beaumont
951401,EJ Villani
951403,Sidra Ameen
951405,ML Schutt
951407,SFM Devine
951409,DJS Dottin
951411,CM Edwards
951413,AC Jayangani
951415,MM Lanning
951417,B Cooper
951419,HK Matthews
953103,Babar Hayat
953105,KJ Coetzer
958415,H Masakadza
958417,Sabbir Rahman
958419,MN Waller
958421,H Masakadza
963697,CAK Rajitha
963699,S Dhawan
963701,R Ashwin
966373,Amjad Javed
966743,Muhammad Usman
966745,RG Sharma
966747,SL Malinga
966749,Mahmudullah
966751,V Kohli
966753,Sabbir Rahman
966755,Shoaib Malik
966757,V Kohli
966759,Soumya Sarkar
966761,RG Sharma
966763,Umar Akmal
966765,S Dhawan
967081,Mudassar Bukhari
995467,GJ Maxwell
995469,GJ Maxwell
